seq_id,pdb_file,chain,label
anchor_1UCSA,single_chain_pdbs/anchor_1UCSA.pdb,A,anchor
anchor_2VB1A,single_chain_pdbs/anchor_2VB1A.pdb,A,anchor
anchor_6E6OA,single_chain_pdbs/anchor_6E6OA.pdb,A,anchor
anchor_6S2MA,single_chain_pdbs/anchor_6S2MA.pdb,A,anchor
anchor_1R6JA,single_chain_pdbs/anchor_1R6JA.pdb,A,anchor
anchor_4I8HA,single_chain_pdbs/anchor_4I8HA.pdb,A,anchor
anchor_2OV0A,single_chain_pdbs/anchor_2OV0A.pdb,A,anchor
anchor_6L27A,single_chain_pdbs/anchor_6L27A.pdb,A,anchor
anchor_1GCIA,single_chain_pdbs/anchor_1GCIA.pdb,A,anchor
anchor_5GV8A,single_chain_pdbs/anchor_5GV8A.pdb,A,anchor
anchor_6ZM8A,single_chain_pdbs/anchor_6ZM8A.pdb,A,anchor
anchor_3UI4A,single_chain_pdbs/anchor_3UI4A.pdb,A,anchor
anchor_2H5CA,single_chain_pdbs/anchor_2H5CA.pdb,A,anchor
anchor_1NWZA,single_chain_pdbs/anchor_1NWZA.pdb,A,anchor
anchor_2JFRA,single_chain_pdbs/anchor_2JFRA.pdb,A,anchor
anchor_2O9SA,single_chain_pdbs/anchor_2O9SA.pdb,A,anchor
anchor_2YKZA,single_chain_pdbs/anchor_2YKZA.pdb,A,anchor
anchor_2HS1A,single_chain_pdbs/anchor_2HS1A.pdb,A,anchor
anchor_4PSSA,single_chain_pdbs/anchor_4PSSA.pdb,A,anchor
anchor_6Q00A,single_chain_pdbs/anchor_6Q00A.pdb,A,anchor
anchor_6ETLA,single_chain_pdbs/anchor_6ETLA.pdb,A,anchor
anchor_1MC2A,single_chain_pdbs/anchor_1MC2A.pdb,A,anchor
anchor_1X8QA,single_chain_pdbs/anchor_1X8QA.pdb,A,anchor
anchor_3QPAA,single_chain_pdbs/anchor_3QPAA.pdb,A,anchor
anchor_2FMAA,single_chain_pdbs/anchor_2FMAA.pdb,A,anchor
anchor_3WDNA,single_chain_pdbs/anchor_3WDNA.pdb,A,anchor
anchor_3ZSJA,single_chain_pdbs/anchor_3ZSJA.pdb,A,anchor
anchor_4K8MA,single_chain_pdbs/anchor_4K8MA.pdb,A,anchor
anchor_5O99A,single_chain_pdbs/anchor_5O99A.pdb,A,anchor
anchor_3FILA,single_chain_pdbs/anchor_3FILA.pdb,A,anchor
anchor_3IP0A,single_chain_pdbs/anchor_3IP0A.pdb,A,anchor
anchor_1G66A,single_chain_pdbs/anchor_1G66A.pdb,A,anchor
anchor_1IX9A,single_chain_pdbs/anchor_1IX9A.pdb,A,anchor
anchor_6FMCA,single_chain_pdbs/anchor_6FMCA.pdb,A,anchor
anchor_4NPDA,single_chain_pdbs/anchor_4NPDA.pdb,A,anchor
anchor_3G21A,single_chain_pdbs/anchor_3G21A.pdb,A,anchor
anchor_4CE8A,single_chain_pdbs/anchor_4CE8A.pdb,A,anchor
anchor_2XU3A,single_chain_pdbs/anchor_2XU3A.pdb,A,anchor
anchor_6LK1B,single_chain_pdbs/anchor_6LK1B.pdb,B,anchor
anchor_1J0PA,single_chain_pdbs/anchor_1J0PA.pdb,A,anchor
anchor_2PVBA,single_chain_pdbs/anchor_2PVBA.pdb,A,anchor
anchor_3QM9A,single_chain_pdbs/anchor_3QM9A.pdb,A,anchor
anchor_5IG6A,single_chain_pdbs/anchor_5IG6A.pdb,A,anchor
anchor_3G46A,single_chain_pdbs/anchor_3G46A.pdb,A,anchor
anchor_1IQZA,single_chain_pdbs/anchor_1IQZA.pdb,A,anchor
anchor_6HSAA,single_chain_pdbs/anchor_6HSAA.pdb,A,anchor
anchor_1L9LA,single_chain_pdbs/anchor_1L9LA.pdb,A,anchor
anchor_1OK0A,single_chain_pdbs/anchor_1OK0A.pdb,A,anchor
anchor_1VBWA,single_chain_pdbs/anchor_1VBWA.pdb,A,anchor
anchor_2UU8A,single_chain_pdbs/anchor_2UU8A.pdb,A,anchor
anchor_2GUDA,single_chain_pdbs/anchor_2GUDA.pdb,A,anchor
anchor_4A02A,single_chain_pdbs/anchor_4A02A.pdb,A,anchor
anchor_2XJPA,single_chain_pdbs/anchor_2XJPA.pdb,A,anchor
anchor_1LUGA,single_chain_pdbs/anchor_1LUGA.pdb,A,anchor
anchor_4XDXA,single_chain_pdbs/anchor_4XDXA.pdb,A,anchor
anchor_4G9SA,single_chain_pdbs/anchor_4G9SA.pdb,A,anchor
anchor_6J93A,single_chain_pdbs/anchor_6J93A.pdb,A,anchor
anchor_6IIPA,single_chain_pdbs/anchor_6IIPA.pdb,A,anchor
anchor_3AGNA,single_chain_pdbs/anchor_3AGNA.pdb,A,anchor
anchor_1XG0D,single_chain_pdbs/anchor_1XG0D.pdb,D,anchor
anchor_1XG0A,single_chain_pdbs/anchor_1XG0A.pdb,A,anchor
anchor_1BYIA,single_chain_pdbs/anchor_1BYIA.pdb,A,anchor
anchor_4OO4A,single_chain_pdbs/anchor_4OO4A.pdb,A,anchor
anchor_1XMKA,single_chain_pdbs/anchor_1XMKA.pdb,A,anchor
anchor_6FJNA,single_chain_pdbs/anchor_6FJNA.pdb,A,anchor
anchor_3AKSA,single_chain_pdbs/anchor_3AKSA.pdb,A,anchor
anchor_4A7UA,single_chain_pdbs/anchor_4A7UA.pdb,A,anchor
anchor_1TQGA,single_chain_pdbs/anchor_1TQGA.pdb,A,anchor
anchor_3Q46A,single_chain_pdbs/anchor_3Q46A.pdb,A,anchor
anchor_4J5EX,single_chain_pdbs/anchor_4J5EX.pdb,X,anchor
anchor_6U66B,single_chain_pdbs/anchor_6U66B.pdb,B,anchor
anchor_4RJ2A,single_chain_pdbs/anchor_4RJ2A.pdb,A,anchor
anchor_1EB6A,single_chain_pdbs/anchor_1EB6A.pdb,A,anchor
anchor_5JDTA,single_chain_pdbs/anchor_5JDTA.pdb,A,anchor
anchor_1LNIA,single_chain_pdbs/anchor_1LNIA.pdb,A,anchor
anchor_5WS7A,single_chain_pdbs/anchor_5WS7A.pdb,A,anchor
anchor_4DPBX,single_chain_pdbs/anchor_4DPBX.pdb,X,anchor
anchor_2GGCA,single_chain_pdbs/anchor_2GGCA.pdb,A,anchor
anchor_1TT8A,single_chain_pdbs/anchor_1TT8A.pdb,A,anchor
anchor_2RBKA,single_chain_pdbs/anchor_2RBKA.pdb,A,anchor
anchor_2A6ZA,single_chain_pdbs/anchor_2A6ZA.pdb,A,anchor
anchor_1LKKA,single_chain_pdbs/anchor_1LKKA.pdb,A,anchor
anchor_5SV5A,single_chain_pdbs/anchor_5SV5A.pdb,A,anchor
anchor_3L8WA,single_chain_pdbs/anchor_3L8WA.pdb,A,anchor
anchor_2CE2X,single_chain_pdbs/anchor_2CE2X.pdb,X,anchor
anchor_2H3LA,single_chain_pdbs/anchor_2H3LA.pdb,A,anchor
anchor_1OAIA,single_chain_pdbs/anchor_1OAIA.pdb,A,anchor
anchor_4JP6A,single_chain_pdbs/anchor_4JP6A.pdb,A,anchor
anchor_1C7KA,single_chain_pdbs/anchor_1C7KA.pdb,A,anchor
anchor_1ZK4A,single_chain_pdbs/anchor_1ZK4A.pdb,A,anchor
anchor_3A4RA,single_chain_pdbs/anchor_3A4RA.pdb,A,anchor
anchor_3CCDA,single_chain_pdbs/anchor_3CCDA.pdb,A,anchor
anchor_3ZUCA,single_chain_pdbs/anchor_3ZUCA.pdb,A,anchor
anchor_4BPFA,single_chain_pdbs/anchor_4BPFA.pdb,A,anchor
anchor_1QTWA,single_chain_pdbs/anchor_1QTWA.pdb,A,anchor
anchor_5NCGA,single_chain_pdbs/anchor_5NCGA.pdb,A,anchor
anchor_1I27A,single_chain_pdbs/anchor_1I27A.pdb,A,anchor
anchor_1M1RA,single_chain_pdbs/anchor_1M1RA.pdb,A,anchor
anchor_1KQPA,single_chain_pdbs/anchor_1KQPA.pdb,A,anchor
anchor_3ROFA,single_chain_pdbs/anchor_3ROFA.pdb,A,anchor
anchor_6H5GA,single_chain_pdbs/anchor_6H5GA.pdb,A,anchor
anchor_1I2TA,single_chain_pdbs/anchor_1I2TA.pdb,A,anchor
anchor_1LWBA,single_chain_pdbs/anchor_1LWBA.pdb,A,anchor
anchor_1PSRA,single_chain_pdbs/anchor_1PSRA.pdb,A,anchor
anchor_6NNRA,single_chain_pdbs/anchor_6NNRA.pdb,A,anchor
anchor_3FS9A,single_chain_pdbs/anchor_3FS9A.pdb,A,anchor
anchor_1FSGA,single_chain_pdbs/anchor_1FSGA.pdb,A,anchor
anchor_3GMXA,single_chain_pdbs/anchor_3GMXA.pdb,A,anchor
anchor_3IQUA,single_chain_pdbs/anchor_3IQUA.pdb,A,anchor
anchor_2AXWA,single_chain_pdbs/anchor_2AXWA.pdb,A,anchor
anchor_3ULJB,single_chain_pdbs/anchor_3ULJB.pdb,B,anchor
anchor_3LB2A,single_chain_pdbs/anchor_3LB2A.pdb,A,anchor
anchor_1JBEA,single_chain_pdbs/anchor_1JBEA.pdb,A,anchor
anchor_2CI1A,single_chain_pdbs/anchor_2CI1A.pdb,A,anchor
anchor_2Y6HA,single_chain_pdbs/anchor_2Y6HA.pdb,A,anchor
anchor_6F54A,single_chain_pdbs/anchor_6F54A.pdb,A,anchor
anchor_5OPFA,single_chain_pdbs/anchor_5OPFA.pdb,A,anchor
anchor_2CARA,single_chain_pdbs/anchor_2CARA.pdb,A,anchor
anchor_1K5NA,single_chain_pdbs/anchor_1K5NA.pdb,A,anchor
anchor_4ZO2B,single_chain_pdbs/anchor_4ZO2B.pdb,B,anchor
anchor_1JK3A,single_chain_pdbs/anchor_1JK3A.pdb,A,anchor
anchor_1C5EA,single_chain_pdbs/anchor_1C5EA.pdb,A,anchor
anchor_6RZ0A,single_chain_pdbs/anchor_6RZ0A.pdb,A,anchor
anchor_2AIBA,single_chain_pdbs/anchor_2AIBA.pdb,A,anchor
anchor_2V9VA,single_chain_pdbs/anchor_2V9VA.pdb,A,anchor
anchor_5JBXB,single_chain_pdbs/anchor_5JBXB.pdb,B,anchor
anchor_1D4TA,single_chain_pdbs/anchor_1D4TA.pdb,A,anchor
anchor_1QL0A,single_chain_pdbs/anchor_1QL0A.pdb,A,anchor
anchor_3E8MA,single_chain_pdbs/anchor_3E8MA.pdb,A,anchor
anchor_1GMXA,single_chain_pdbs/anchor_1GMXA.pdb,A,anchor
anchor_1SBYA,single_chain_pdbs/anchor_1SBYA.pdb,A,anchor
anchor_1Z2UA,single_chain_pdbs/anchor_1Z2UA.pdb,A,anchor
anchor_1T8KA,single_chain_pdbs/anchor_1T8KA.pdb,A,anchor
anchor_6THSA,single_chain_pdbs/anchor_6THSA.pdb,A,anchor
anchor_2Z4UA,single_chain_pdbs/anchor_2Z4UA.pdb,A,anchor
anchor_1F86A,single_chain_pdbs/anchor_1F86A.pdb,A,anchor
anchor_4XUWA,single_chain_pdbs/anchor_4XUWA.pdb,A,anchor
anchor_1UZ3A,single_chain_pdbs/anchor_1UZ3A.pdb,A,anchor
anchor_6DYFA,single_chain_pdbs/anchor_6DYFA.pdb,A,anchor
anchor_3B35A,single_chain_pdbs/anchor_3B35A.pdb,A,anchor
anchor_4ESPA,single_chain_pdbs/anchor_4ESPA.pdb,A,anchor
anchor_6DI1A,single_chain_pdbs/anchor_6DI1A.pdb,A,anchor
anchor_6YV5A,single_chain_pdbs/anchor_6YV5A.pdb,A,anchor
anchor_5ILUA,single_chain_pdbs/anchor_5ILUA.pdb,A,anchor
anchor_2OFCA,single_chain_pdbs/anchor_2OFCA.pdb,A,anchor
anchor_3A8GB,single_chain_pdbs/anchor_3A8GB.pdb,B,anchor
anchor_6OSHL,single_chain_pdbs/anchor_6OSHL.pdb,L,anchor
anchor_1K7CA,single_chain_pdbs/anchor_1K7CA.pdb,A,anchor
anchor_5EMIA,single_chain_pdbs/anchor_5EMIA.pdb,A,anchor
anchor_3U01A,single_chain_pdbs/anchor_3U01A.pdb,A,anchor
anchor_1TUKA,single_chain_pdbs/anchor_1TUKA.pdb,A,anchor
anchor_4MRHA,single_chain_pdbs/anchor_4MRHA.pdb,A,anchor
anchor_6LUJA,single_chain_pdbs/anchor_6LUJA.pdb,A,anchor
anchor_7JR8A,single_chain_pdbs/anchor_7JR8A.pdb,A,anchor
anchor_4PF4A,single_chain_pdbs/anchor_4PF4A.pdb,A,anchor
anchor_1U07A,single_chain_pdbs/anchor_1U07A.pdb,A,anchor
anchor_5LZGA,single_chain_pdbs/anchor_5LZGA.pdb,A,anchor
anchor_1P6OB,single_chain_pdbs/anchor_1P6OB.pdb,B,anchor
anchor_2J45A,single_chain_pdbs/anchor_2J45A.pdb,A,anchor
anchor_4XO9A,single_chain_pdbs/anchor_4XO9A.pdb,A,anchor
anchor_4BK7A,single_chain_pdbs/anchor_4BK7A.pdb,A,anchor
anchor_5NB4A,single_chain_pdbs/anchor_5NB4A.pdb,A,anchor
anchor_4INWA,single_chain_pdbs/anchor_4INWA.pdb,A,anchor
anchor_5YOBA,single_chain_pdbs/anchor_5YOBA.pdb,A,anchor
anchor_5C5AA,single_chain_pdbs/anchor_5C5AA.pdb,A,anchor
anchor_4UU3A,single_chain_pdbs/anchor_4UU3A.pdb,A,anchor
anchor_6NP3A,single_chain_pdbs/anchor_6NP3A.pdb,A,anchor
anchor_1GWMA,single_chain_pdbs/anchor_1GWMA.pdb,A,anchor
anchor_4UHTA,single_chain_pdbs/anchor_4UHTA.pdb,A,anchor
anchor_2NSZA,single_chain_pdbs/anchor_2NSZA.pdb,A,anchor
anchor_6K7CA,single_chain_pdbs/anchor_6K7CA.pdb,A,anchor
anchor_2CIWA,single_chain_pdbs/anchor_2CIWA.pdb,A,anchor
anchor_1I4UA,single_chain_pdbs/anchor_1I4UA.pdb,A,anchor
anchor_3R72A,single_chain_pdbs/anchor_3R72A.pdb,A,anchor
anchor_1H4AX,single_chain_pdbs/anchor_1H4AX.pdb,X,anchor
anchor_5K8SB,single_chain_pdbs/anchor_5K8SB.pdb,B,anchor
anchor_3PIBB,single_chain_pdbs/anchor_3PIBB.pdb,B,anchor
anchor_3SU0A,single_chain_pdbs/anchor_3SU0A.pdb,A,anchor
anchor_6A4UA,single_chain_pdbs/anchor_6A4UA.pdb,A,anchor
anchor_1H97A,single_chain_pdbs/anchor_1H97A.pdb,A,anchor
anchor_4TLJA,single_chain_pdbs/anchor_4TLJA.pdb,A,anchor
anchor_4EMNA,single_chain_pdbs/anchor_4EMNA.pdb,A,anchor
anchor_3A5FA,single_chain_pdbs/anchor_3A5FA.pdb,A,anchor
anchor_2QVBA,single_chain_pdbs/anchor_2QVBA.pdb,A,anchor
anchor_1GU2A,single_chain_pdbs/anchor_1GU2A.pdb,A,anchor
anchor_5J41A,single_chain_pdbs/anchor_5J41A.pdb,A,anchor
anchor_6S95A,single_chain_pdbs/anchor_6S95A.pdb,A,anchor
anchor_2BK9A,single_chain_pdbs/anchor_2BK9A.pdb,A,anchor
anchor_2CS7A,single_chain_pdbs/anchor_2CS7A.pdb,A,anchor
anchor_5LQAA,single_chain_pdbs/anchor_5LQAA.pdb,A,anchor
anchor_3IR4A,single_chain_pdbs/anchor_3IR4A.pdb,A,anchor
anchor_4DVCA,single_chain_pdbs/anchor_4DVCA.pdb,A,anchor
anchor_6GD6A,single_chain_pdbs/anchor_6GD6A.pdb,A,anchor
anchor_4RGDA,single_chain_pdbs/anchor_4RGDA.pdb,A,anchor
anchor_2IAYA,single_chain_pdbs/anchor_2IAYA.pdb,A,anchor
anchor_7AT0A,single_chain_pdbs/anchor_7AT0A.pdb,A,anchor
anchor_1MUNA,single_chain_pdbs/anchor_1MUNA.pdb,A,anchor
anchor_2XBPA,single_chain_pdbs/anchor_2XBPA.pdb,A,anchor
anchor_1OLRA,single_chain_pdbs/anchor_1OLRA.pdb,A,anchor
anchor_2GXQA,single_chain_pdbs/anchor_2GXQA.pdb,A,anchor
anchor_6PQKB,single_chain_pdbs/anchor_6PQKB.pdb,B,anchor
anchor_4Y5DA,single_chain_pdbs/anchor_4Y5DA.pdb,A,anchor
anchor_5K2LA,single_chain_pdbs/anchor_5K2LA.pdb,A,anchor
anchor_2ZNRA,single_chain_pdbs/anchor_2ZNRA.pdb,A,anchor
anchor_7L67A,single_chain_pdbs/anchor_7L67A.pdb,A,anchor
anchor_6OHKA,single_chain_pdbs/anchor_6OHKA.pdb,A,anchor
anchor_2BMOB,single_chain_pdbs/anchor_2BMOB.pdb,B,anchor
anchor_4FGLD,single_chain_pdbs/anchor_4FGLD.pdb,D,anchor
anchor_1ATGA,single_chain_pdbs/anchor_1ATGA.pdb,A,anchor
anchor_4O0AA,single_chain_pdbs/anchor_4O0AA.pdb,A,anchor
anchor_4BGCA,single_chain_pdbs/anchor_4BGCA.pdb,A,anchor
anchor_2I7DA,single_chain_pdbs/anchor_2I7DA.pdb,A,anchor
anchor_3A6RA,single_chain_pdbs/anchor_3A6RA.pdb,A,anchor
anchor_2H8EA,single_chain_pdbs/anchor_2H8EA.pdb,A,anchor
anchor_3DQYA,single_chain_pdbs/anchor_3DQYA.pdb,A,anchor
anchor_2XI8A,single_chain_pdbs/anchor_2XI8A.pdb,A,anchor
anchor_2WNPF,single_chain_pdbs/anchor_2WNPF.pdb,F,anchor
anchor_7DHFC,single_chain_pdbs/anchor_7DHFC.pdb,C,anchor
anchor_1KYFA,single_chain_pdbs/anchor_1KYFA.pdb,A,anchor
anchor_5J2XA,single_chain_pdbs/anchor_5J2XA.pdb,A,anchor
anchor_5JEIA,single_chain_pdbs/anchor_5JEIA.pdb,A,anchor
anchor_2V9LA,single_chain_pdbs/anchor_2V9LA.pdb,A,anchor
anchor_4ZGGA,single_chain_pdbs/anchor_4ZGGA.pdb,A,anchor
anchor_5F68A,single_chain_pdbs/anchor_5F68A.pdb,A,anchor
anchor_4PS6A,single_chain_pdbs/anchor_4PS6A.pdb,A,anchor
anchor_3MMHA,single_chain_pdbs/anchor_3MMHA.pdb,A,anchor
anchor_4MUVA,single_chain_pdbs/anchor_4MUVA.pdb,A,anchor
anchor_3EDHA,single_chain_pdbs/anchor_3EDHA.pdb,A,anchor
anchor_2HBAA,single_chain_pdbs/anchor_2HBAA.pdb,A,anchor
anchor_3N08B,single_chain_pdbs/anchor_3N08B.pdb,B,anchor
anchor_2WLVA,single_chain_pdbs/anchor_2WLVA.pdb,A,anchor
anchor_1MF7A,single_chain_pdbs/anchor_1MF7A.pdb,A,anchor
anchor_2B82A,single_chain_pdbs/anchor_2B82A.pdb,A,anchor
anchor_3D1KA,single_chain_pdbs/anchor_3D1KA.pdb,A,anchor
anchor_6R2WT,single_chain_pdbs/anchor_6R2WT.pdb,T,anchor
anchor_1QFTA,single_chain_pdbs/anchor_1QFTA.pdb,A,anchor
anchor_1OAAA,single_chain_pdbs/anchor_1OAAA.pdb,A,anchor
anchor_5D78A,single_chain_pdbs/anchor_5D78A.pdb,A,anchor
anchor_3S4EA,single_chain_pdbs/anchor_3S4EA.pdb,A,anchor
anchor_4LDCA,single_chain_pdbs/anchor_4LDCA.pdb,A,anchor
anchor_4JH2A,single_chain_pdbs/anchor_4JH2A.pdb,A,anchor
anchor_5VHGA,single_chain_pdbs/anchor_5VHGA.pdb,A,anchor
anchor_1ZV9A,single_chain_pdbs/anchor_1ZV9A.pdb,A,anchor
anchor_5OL4B,single_chain_pdbs/anchor_5OL4B.pdb,B,anchor
anchor_5OL4A,single_chain_pdbs/anchor_5OL4A.pdb,A,anchor
anchor_4RZ9A,single_chain_pdbs/anchor_4RZ9A.pdb,A,anchor
anchor_4EP4A,single_chain_pdbs/anchor_4EP4A.pdb,A,anchor
anchor_4YG0A,single_chain_pdbs/anchor_4YG0A.pdb,A,anchor
anchor_3MU7A,single_chain_pdbs/anchor_3MU7A.pdb,A,anchor
anchor_5C7HA,single_chain_pdbs/anchor_5C7HA.pdb,A,anchor
anchor_1FCYA,single_chain_pdbs/anchor_1FCYA.pdb,A,anchor
anchor_3OGNA,single_chain_pdbs/anchor_3OGNA.pdb,A,anchor
anchor_2PRVA,single_chain_pdbs/anchor_2PRVA.pdb,A,anchor
anchor_7JZSA,single_chain_pdbs/anchor_7JZSA.pdb,A,anchor
anchor_3EBTA,single_chain_pdbs/anchor_3EBTA.pdb,A,anchor
anchor_1LQ9A,single_chain_pdbs/anchor_1LQ9A.pdb,A,anchor
anchor_2XKIA,single_chain_pdbs/anchor_2XKIA.pdb,A,anchor
anchor_3GWKC,single_chain_pdbs/anchor_3GWKC.pdb,C,anchor
anchor_2V6KA,single_chain_pdbs/anchor_2V6KA.pdb,A,anchor
anchor_6T1QA,single_chain_pdbs/anchor_6T1QA.pdb,A,anchor
anchor_1Z6MA,single_chain_pdbs/anchor_1Z6MA.pdb,A,anchor
anchor_2MHRA,single_chain_pdbs/anchor_2MHRA.pdb,A,anchor
anchor_1T6UA,single_chain_pdbs/anchor_1T6UA.pdb,A,anchor
anchor_7FD1A,single_chain_pdbs/anchor_7FD1A.pdb,A,anchor
anchor_4FZOA,single_chain_pdbs/anchor_4FZOA.pdb,A,anchor
anchor_2J6BA,single_chain_pdbs/anchor_2J6BA.pdb,A,anchor
anchor_2IZXB,single_chain_pdbs/anchor_2IZXB.pdb,B,anchor
anchor_1DBFA,single_chain_pdbs/anchor_1DBFA.pdb,A,anchor
anchor_5ZXEA,single_chain_pdbs/anchor_5ZXEA.pdb,A,anchor
anchor_4QBOA,single_chain_pdbs/anchor_4QBOA.pdb,A,anchor
anchor_5YH4A,single_chain_pdbs/anchor_5YH4A.pdb,A,anchor
anchor_2NLVA,single_chain_pdbs/anchor_2NLVA.pdb,A,anchor
anchor_3BQPA,single_chain_pdbs/anchor_3BQPA.pdb,A,anchor
anchor_3B0TA,single_chain_pdbs/anchor_3B0TA.pdb,A,anchor
anchor_6HB9A,single_chain_pdbs/anchor_6HB9A.pdb,A,anchor
anchor_2ECUA,single_chain_pdbs/anchor_2ECUA.pdb,A,anchor
anchor_1UCDA,single_chain_pdbs/anchor_1UCDA.pdb,A,anchor
anchor_5DZOA,single_chain_pdbs/anchor_5DZOA.pdb,A,anchor
anchor_4NQGA,single_chain_pdbs/anchor_4NQGA.pdb,A,anchor
anchor_5BOWA,single_chain_pdbs/anchor_5BOWA.pdb,A,anchor
anchor_5AD1A,single_chain_pdbs/anchor_5AD1A.pdb,A,anchor
anchor_1E7LA,single_chain_pdbs/anchor_1E7LA.pdb,A,anchor
anchor_5XDHA,single_chain_pdbs/anchor_5XDHA.pdb,A,anchor
anchor_6EQSD,single_chain_pdbs/anchor_6EQSD.pdb,D,anchor
anchor_5B08B,single_chain_pdbs/anchor_5B08B.pdb,B,anchor
anchor_1O9IA,single_chain_pdbs/anchor_1O9IA.pdb,A,anchor
anchor_2Y88A,single_chain_pdbs/anchor_2Y88A.pdb,A,anchor
anchor_6VANA,single_chain_pdbs/anchor_6VANA.pdb,A,anchor
anchor_4PQDA,single_chain_pdbs/anchor_4PQDA.pdb,A,anchor
anchor_3LHCA,single_chain_pdbs/anchor_3LHCA.pdb,A,anchor
anchor_6E1XC,single_chain_pdbs/anchor_6E1XC.pdb,C,anchor
anchor_2Z51A,single_chain_pdbs/anchor_2Z51A.pdb,A,anchor
anchor_5HWAA,single_chain_pdbs/anchor_5HWAA.pdb,A,anchor
anchor_4WHSB,single_chain_pdbs/anchor_4WHSB.pdb,B,anchor
anchor_5HD6A,single_chain_pdbs/anchor_5HD6A.pdb,A,anchor
anchor_2GKEA,single_chain_pdbs/anchor_2GKEA.pdb,A,anchor
anchor_1LK2B,single_chain_pdbs/anchor_1LK2B.pdb,B,anchor
anchor_6NPPA,single_chain_pdbs/anchor_6NPPA.pdb,A,anchor
anchor_4G0XA,single_chain_pdbs/anchor_4G0XA.pdb,A,anchor
anchor_2HALA,single_chain_pdbs/anchor_2HALA.pdb,A,anchor
anchor_3MJOA,single_chain_pdbs/anchor_3MJOA.pdb,A,anchor
anchor_6TYYA,single_chain_pdbs/anchor_6TYYA.pdb,A,anchor
anchor_6Z4WA,single_chain_pdbs/anchor_6Z4WA.pdb,A,anchor
anchor_1OUWC,single_chain_pdbs/anchor_1OUWC.pdb,C,anchor
anchor_3CJSB,single_chain_pdbs/anchor_3CJSB.pdb,B,anchor
anchor_6RZYA,single_chain_pdbs/anchor_6RZYA.pdb,A,anchor
anchor_7BX9A,single_chain_pdbs/anchor_7BX9A.pdb,A,anchor
anchor_4Q56A,single_chain_pdbs/anchor_4Q56A.pdb,A,anchor
anchor_5N20A,single_chain_pdbs/anchor_5N20A.pdb,A,anchor
anchor_6W0VA,single_chain_pdbs/anchor_6W0VA.pdb,A,anchor
anchor_6W0VB,single_chain_pdbs/anchor_6W0VB.pdb,B,anchor
anchor_5W3RA,single_chain_pdbs/anchor_5W3RA.pdb,A,anchor
anchor_5QIVA,single_chain_pdbs/anchor_5QIVA.pdb,A,anchor
anchor_6VVNA,single_chain_pdbs/anchor_6VVNA.pdb,A,anchor
anchor_5KB3A,single_chain_pdbs/anchor_5KB3A.pdb,A,anchor
anchor_4AVSA,single_chain_pdbs/anchor_4AVSA.pdb,A,anchor
anchor_5B7GA,single_chain_pdbs/anchor_5B7GA.pdb,A,anchor
anchor_4C5KD,single_chain_pdbs/anchor_4C5KD.pdb,D,anchor
anchor_6GQZA,single_chain_pdbs/anchor_6GQZA.pdb,A,anchor
anchor_4B6GA,single_chain_pdbs/anchor_4B6GA.pdb,A,anchor
anchor_2P8IA,single_chain_pdbs/anchor_2P8IA.pdb,A,anchor
anchor_2J5YA,single_chain_pdbs/anchor_2J5YA.pdb,A,anchor
anchor_2WHLA,single_chain_pdbs/anchor_2WHLA.pdb,A,anchor
anchor_3LASA,single_chain_pdbs/anchor_3LASA.pdb,A,anchor
anchor_3DB7A,single_chain_pdbs/anchor_3DB7A.pdb,A,anchor
anchor_2HIYD,single_chain_pdbs/anchor_2HIYD.pdb,D,anchor
anchor_4QHQA,single_chain_pdbs/anchor_4QHQA.pdb,A,anchor
anchor_2OXGA,single_chain_pdbs/anchor_2OXGA.pdb,A,anchor
anchor_3U3GA,single_chain_pdbs/anchor_3U3GA.pdb,A,anchor
anchor_3H0OA,single_chain_pdbs/anchor_3H0OA.pdb,A,anchor
anchor_4QI3A,single_chain_pdbs/anchor_4QI3A.pdb,A,anchor
anchor_3HF5B,single_chain_pdbs/anchor_3HF5B.pdb,B,anchor
anchor_5NRMA,single_chain_pdbs/anchor_5NRMA.pdb,A,anchor
anchor_6RRAA,single_chain_pdbs/anchor_6RRAA.pdb,A,anchor
anchor_1S2OA,single_chain_pdbs/anchor_1S2OA.pdb,A,anchor
anchor_1KTNA,single_chain_pdbs/anchor_1KTNA.pdb,A,anchor
anchor_3B8ZA,single_chain_pdbs/anchor_3B8ZA.pdb,A,anchor
anchor_1JF3A,single_chain_pdbs/anchor_1JF3A.pdb,A,anchor
anchor_5ML3B,single_chain_pdbs/anchor_5ML3B.pdb,B,anchor
anchor_1K7JA,single_chain_pdbs/anchor_1K7JA.pdb,A,anchor
anchor_4FP5D,single_chain_pdbs/anchor_4FP5D.pdb,D,anchor
anchor_1TVNA,single_chain_pdbs/anchor_1TVNA.pdb,A,anchor
anchor_4LUKA,single_chain_pdbs/anchor_4LUKA.pdb,A,anchor
anchor_4M7XA,single_chain_pdbs/anchor_4M7XA.pdb,A,anchor
anchor_3ZPYA,single_chain_pdbs/anchor_3ZPYA.pdb,A,anchor
anchor_6KT1O,single_chain_pdbs/anchor_6KT1O.pdb,O,anchor
anchor_1V05A,single_chain_pdbs/anchor_1V05A.pdb,A,anchor
anchor_5J8NA,single_chain_pdbs/anchor_5J8NA.pdb,A,anchor
anchor_2QJLA,single_chain_pdbs/anchor_2QJLA.pdb,A,anchor
anchor_5V8QA,single_chain_pdbs/anchor_5V8QA.pdb,A,anchor
anchor_4MAXA,single_chain_pdbs/anchor_4MAXA.pdb,A,anchor
anchor_4EO7A,single_chain_pdbs/anchor_4EO7A.pdb,A,anchor
anchor_3ZK9A,single_chain_pdbs/anchor_3ZK9A.pdb,A,anchor
anchor_6FCHA,single_chain_pdbs/anchor_6FCHA.pdb,A,anchor
anchor_6VRRA,single_chain_pdbs/anchor_6VRRA.pdb,A,anchor
anchor_4L2IB,single_chain_pdbs/anchor_4L2IB.pdb,B,anchor
anchor_3IMKA,single_chain_pdbs/anchor_3IMKA.pdb,A,anchor
anchor_1W1HB,single_chain_pdbs/anchor_1W1HB.pdb,B,anchor
anchor_1QQFA,single_chain_pdbs/anchor_1QQFA.pdb,A,anchor
anchor_2F5TX,single_chain_pdbs/anchor_2F5TX.pdb,X,anchor
anchor_3BDIA,single_chain_pdbs/anchor_3BDIA.pdb,A,anchor
anchor_7D3DA,single_chain_pdbs/anchor_7D3DA.pdb,A,anchor
anchor_3U2UA,single_chain_pdbs/anchor_3U2UA.pdb,A,anchor
anchor_1UKUA,single_chain_pdbs/anchor_1UKUA.pdb,A,anchor
anchor_4Z3GA,single_chain_pdbs/anchor_4Z3GA.pdb,A,anchor
anchor_1PA7A,single_chain_pdbs/anchor_1PA7A.pdb,A,anchor
anchor_3N1SJ,single_chain_pdbs/anchor_3N1SJ.pdb,J,anchor
anchor_1O9RA,single_chain_pdbs/anchor_1O9RA.pdb,A,anchor
anchor_3GA3A,single_chain_pdbs/anchor_3GA3A.pdb,A,anchor
anchor_1GVDA,single_chain_pdbs/anchor_1GVDA.pdb,A,anchor
anchor_2ERFA,single_chain_pdbs/anchor_2ERFA.pdb,A,anchor
anchor_2B0AA,single_chain_pdbs/anchor_2B0AA.pdb,A,anchor
anchor_1XLQA,single_chain_pdbs/anchor_1XLQA.pdb,A,anchor
anchor_2DCTA,single_chain_pdbs/anchor_2DCTA.pdb,A,anchor
anchor_3T94A,single_chain_pdbs/anchor_3T94A.pdb,A,anchor
anchor_1KT5A,single_chain_pdbs/anchor_1KT5A.pdb,A,anchor
anchor_5ICUA,single_chain_pdbs/anchor_5ICUA.pdb,A,anchor
anchor_1TKEA,single_chain_pdbs/anchor_1TKEA.pdb,A,anchor
anchor_1JIGA,single_chain_pdbs/anchor_1JIGA.pdb,A,anchor
anchor_5L03A,single_chain_pdbs/anchor_5L03A.pdb,A,anchor
anchor_2HZCA,single_chain_pdbs/anchor_2HZCA.pdb,A,anchor
anchor_6EDGA,single_chain_pdbs/anchor_6EDGA.pdb,A,anchor
anchor_4MTHA,single_chain_pdbs/anchor_4MTHA.pdb,A,anchor
anchor_1RKUA,single_chain_pdbs/anchor_1RKUA.pdb,A,anchor
anchor_6YR3A,single_chain_pdbs/anchor_6YR3A.pdb,A,anchor
anchor_2DT8A,single_chain_pdbs/anchor_2DT8A.pdb,A,anchor
anchor_3SEBA,single_chain_pdbs/anchor_3SEBA.pdb,A,anchor
anchor_1B67A,single_chain_pdbs/anchor_1B67A.pdb,A,anchor
anchor_5CT4B,single_chain_pdbs/anchor_5CT4B.pdb,B,anchor
anchor_2OVJA,single_chain_pdbs/anchor_2OVJA.pdb,A,anchor
anchor_4EOCA,single_chain_pdbs/anchor_4EOCA.pdb,A,anchor
anchor_3SXEA,single_chain_pdbs/anchor_3SXEA.pdb,A,anchor
anchor_5EIPA,single_chain_pdbs/anchor_5EIPA.pdb,A,anchor
anchor_1HD2A,single_chain_pdbs/anchor_1HD2A.pdb,A,anchor
anchor_1BRTA,single_chain_pdbs/anchor_1BRTA.pdb,A,anchor
anchor_4XMQB,single_chain_pdbs/anchor_4XMQB.pdb,B,anchor
anchor_5GTUA,single_chain_pdbs/anchor_5GTUA.pdb,A,anchor
anchor_1OCYA,single_chain_pdbs/anchor_1OCYA.pdb,A,anchor
anchor_6VG5A,single_chain_pdbs/anchor_6VG5A.pdb,A,anchor
anchor_3IGSB,single_chain_pdbs/anchor_3IGSB.pdb,B,anchor
anchor_5HMMB,single_chain_pdbs/anchor_5HMMB.pdb,B,anchor
anchor_2WKKA,single_chain_pdbs/anchor_2WKKA.pdb,A,anchor
anchor_2MCMA,single_chain_pdbs/anchor_2MCMA.pdb,A,anchor
anchor_1NF9A,single_chain_pdbs/anchor_1NF9A.pdb,A,anchor
anchor_2RKQA,single_chain_pdbs/anchor_2RKQA.pdb,A,anchor
anchor_4BNDB,single_chain_pdbs/anchor_4BNDB.pdb,B,anchor
anchor_1UX7A,single_chain_pdbs/anchor_1UX7A.pdb,A,anchor
anchor_1P3CA,single_chain_pdbs/anchor_1P3CA.pdb,A,anchor
anchor_2AD6B,single_chain_pdbs/anchor_2AD6B.pdb,B,anchor
anchor_3CH0A,single_chain_pdbs/anchor_3CH0A.pdb,A,anchor
anchor_3VRDA,single_chain_pdbs/anchor_3VRDA.pdb,A,anchor
anchor_1DJ0A,single_chain_pdbs/anchor_1DJ0A.pdb,A,anchor
anchor_2HSJD,single_chain_pdbs/anchor_2HSJD.pdb,D,anchor
anchor_2OFKB,single_chain_pdbs/anchor_2OFKB.pdb,B,anchor
anchor_3I07B,single_chain_pdbs/anchor_3I07B.pdb,B,anchor
anchor_2BKMA,single_chain_pdbs/anchor_2BKMA.pdb,A,anchor
anchor_2V6AI,single_chain_pdbs/anchor_2V6AI.pdb,I,anchor
anchor_3SH4A,single_chain_pdbs/anchor_3SH4A.pdb,A,anchor
anchor_2ARCB,single_chain_pdbs/anchor_2ARCB.pdb,B,anchor
anchor_2CYJA,single_chain_pdbs/anchor_2CYJA.pdb,A,anchor
anchor_1V5IB,single_chain_pdbs/anchor_1V5IB.pdb,B,anchor
anchor_3EDNA,single_chain_pdbs/anchor_3EDNA.pdb,A,anchor
anchor_2ZDPA,single_chain_pdbs/anchor_2ZDPA.pdb,A,anchor
anchor_4IJ5A,single_chain_pdbs/anchor_4IJ5A.pdb,A,anchor
anchor_2CD7A,single_chain_pdbs/anchor_2CD7A.pdb,A,anchor
anchor_2ZGWA,single_chain_pdbs/anchor_2ZGWA.pdb,A,anchor
anchor_1WHIA,single_chain_pdbs/anchor_1WHIA.pdb,A,anchor
anchor_1KOEA,single_chain_pdbs/anchor_1KOEA.pdb,A,anchor
anchor_1DQZA,single_chain_pdbs/anchor_1DQZA.pdb,A,anchor
anchor_1O3YA,single_chain_pdbs/anchor_1O3YA.pdb,A,anchor
anchor_1DFMA,single_chain_pdbs/anchor_1DFMA.pdb,A,anchor
anchor_2V4VA,single_chain_pdbs/anchor_2V4VA.pdb,A,anchor
anchor_1DP7P,single_chain_pdbs/anchor_1DP7P.pdb,P,anchor
anchor_1PVMB,single_chain_pdbs/anchor_1PVMB.pdb,B,anchor
anchor_3C8CA,single_chain_pdbs/anchor_3C8CA.pdb,A,anchor
anchor_4RRIA,single_chain_pdbs/anchor_4RRIA.pdb,A,anchor
anchor_2Z6RB,single_chain_pdbs/anchor_2Z6RB.pdb,B,anchor
anchor_1EJ0A,single_chain_pdbs/anchor_1EJ0A.pdb,A,anchor
anchor_1F46B,single_chain_pdbs/anchor_1F46B.pdb,B,anchor
anchor_1ROCA,single_chain_pdbs/anchor_1ROCA.pdb,A,anchor
anchor_5KVCA,single_chain_pdbs/anchor_5KVCA.pdb,A,anchor
anchor_5XNEA,single_chain_pdbs/anchor_5XNEA.pdb,A,anchor
anchor_3L51B,single_chain_pdbs/anchor_3L51B.pdb,B,anchor
anchor_1C4QA,single_chain_pdbs/anchor_1C4QA.pdb,A,anchor
anchor_3MWZA,single_chain_pdbs/anchor_3MWZA.pdb,A,anchor
anchor_5C7QA,single_chain_pdbs/anchor_5C7QA.pdb,A,anchor
anchor_5ICVA,single_chain_pdbs/anchor_5ICVA.pdb,A,anchor
anchor_3LRTB,single_chain_pdbs/anchor_3LRTB.pdb,B,anchor
anchor_1S3DA,single_chain_pdbs/anchor_1S3DA.pdb,A,anchor
anchor_1QVEA,single_chain_pdbs/anchor_1QVEA.pdb,A,anchor
anchor_4P5PA,single_chain_pdbs/anchor_4P5PA.pdb,A,anchor
anchor_1YB6A,single_chain_pdbs/anchor_1YB6A.pdb,A,anchor
anchor_2HUHA,single_chain_pdbs/anchor_2HUHA.pdb,A,anchor
anchor_1DYPA,single_chain_pdbs/anchor_1DYPA.pdb,A,anchor
anchor_3VZXB,single_chain_pdbs/anchor_3VZXB.pdb,B,anchor
anchor_6I9WA,single_chain_pdbs/anchor_6I9WA.pdb,A,anchor
anchor_3TOSB,single_chain_pdbs/anchor_3TOSB.pdb,B,anchor
anchor_5B6CA,single_chain_pdbs/anchor_5B6CA.pdb,A,anchor
anchor_3C7MA,single_chain_pdbs/anchor_3C7MA.pdb,A,anchor
anchor_2Y3QA,single_chain_pdbs/anchor_2Y3QA.pdb,A,anchor
anchor_6K2FA,single_chain_pdbs/anchor_6K2FA.pdb,A,anchor
anchor_4W64A,single_chain_pdbs/anchor_4W64A.pdb,A,anchor
anchor_1PMJX,single_chain_pdbs/anchor_1PMJX.pdb,X,anchor
anchor_4V0WA,single_chain_pdbs/anchor_4V0WA.pdb,A,anchor
anchor_4AG7A,single_chain_pdbs/anchor_4AG7A.pdb,A,anchor
anchor_3AI9X,single_chain_pdbs/anchor_3AI9X.pdb,X,anchor
anchor_1EJ8A,single_chain_pdbs/anchor_1EJ8A.pdb,A,anchor
anchor_2V33A,single_chain_pdbs/anchor_2V33A.pdb,A,anchor
anchor_2FC3A,single_chain_pdbs/anchor_2FC3A.pdb,A,anchor
anchor_6H4EA,single_chain_pdbs/anchor_6H4EA.pdb,A,anchor
anchor_6HYYA,single_chain_pdbs/anchor_6HYYA.pdb,A,anchor
anchor_5JVMA,single_chain_pdbs/anchor_5JVMA.pdb,A,anchor
anchor_1DK8A,single_chain_pdbs/anchor_1DK8A.pdb,A,anchor
anchor_5N0GA,single_chain_pdbs/anchor_5N0GA.pdb,A,anchor
anchor_6ZS2A,single_chain_pdbs/anchor_6ZS2A.pdb,A,anchor
anchor_6K0LB,single_chain_pdbs/anchor_6K0LB.pdb,B,anchor
anchor_1WWIA,single_chain_pdbs/anchor_1WWIA.pdb,A,anchor
anchor_3RBAA,single_chain_pdbs/anchor_3RBAA.pdb,A,anchor
anchor_3FGYA,single_chain_pdbs/anchor_3FGYA.pdb,A,anchor
anchor_6GZMB,single_chain_pdbs/anchor_6GZMB.pdb,B,anchor
anchor_5HQTA,single_chain_pdbs/anchor_5HQTA.pdb,A,anchor
anchor_3FIQB,single_chain_pdbs/anchor_3FIQB.pdb,B,anchor
anchor_4H17A,single_chain_pdbs/anchor_4H17A.pdb,A,anchor
anchor_1CCWA,single_chain_pdbs/anchor_1CCWA.pdb,A,anchor
anchor_4F6TB,single_chain_pdbs/anchor_4F6TB.pdb,B,anchor
anchor_2NW0A,single_chain_pdbs/anchor_2NW0A.pdb,A,anchor
anchor_3CIPG,single_chain_pdbs/anchor_3CIPG.pdb,G,anchor
anchor_2GPIA,single_chain_pdbs/anchor_2GPIA.pdb,A,anchor
anchor_3N1FD,single_chain_pdbs/anchor_3N1FD.pdb,D,anchor
anchor_2ZKDA,single_chain_pdbs/anchor_2ZKDA.pdb,A,anchor
anchor_2QUDA,single_chain_pdbs/anchor_2QUDA.pdb,A,anchor
anchor_1E6YC,single_chain_pdbs/anchor_1E6YC.pdb,C,anchor
anchor_3JX7A,single_chain_pdbs/anchor_3JX7A.pdb,A,anchor
anchor_2C6UA,single_chain_pdbs/anchor_2C6UA.pdb,A,anchor
anchor_3D78A,single_chain_pdbs/anchor_3D78A.pdb,A,anchor
anchor_3O79B,single_chain_pdbs/anchor_3O79B.pdb,B,anchor
anchor_5IXGB,single_chain_pdbs/anchor_5IXGB.pdb,B,anchor
anchor_2DT4A,single_chain_pdbs/anchor_2DT4A.pdb,A,anchor
anchor_1J31A,single_chain_pdbs/anchor_1J31A.pdb,A,anchor
anchor_4PHJA,single_chain_pdbs/anchor_4PHJA.pdb,A,anchor
anchor_2IXLC,single_chain_pdbs/anchor_2IXLC.pdb,C,anchor
anchor_1UFOA,single_chain_pdbs/anchor_1UFOA.pdb,A,anchor
anchor_2ZS0C,single_chain_pdbs/anchor_2ZS0C.pdb,C,anchor
anchor_6FTOA,single_chain_pdbs/anchor_6FTOA.pdb,A,anchor
anchor_1FIUA,single_chain_pdbs/anchor_1FIUA.pdb,A,anchor
anchor_1QWGA,single_chain_pdbs/anchor_1QWGA.pdb,A,anchor
anchor_1NFPA,single_chain_pdbs/anchor_1NFPA.pdb,A,anchor
anchor_1NMYA,single_chain_pdbs/anchor_1NMYA.pdb,A,anchor
anchor_5BQ1A,single_chain_pdbs/anchor_5BQ1A.pdb,A,anchor
anchor_5H7EA,single_chain_pdbs/anchor_5H7EA.pdb,A,anchor
anchor_2R4IA,single_chain_pdbs/anchor_2R4IA.pdb,A,anchor
anchor_6HY1A,single_chain_pdbs/anchor_6HY1A.pdb,A,anchor
anchor_2IFVA,single_chain_pdbs/anchor_2IFVA.pdb,A,anchor
anchor_2J43A,single_chain_pdbs/anchor_2J43A.pdb,A,anchor
anchor_4QB4A,single_chain_pdbs/anchor_4QB4A.pdb,A,anchor
anchor_3WUCB,single_chain_pdbs/anchor_3WUCB.pdb,B,anchor
anchor_3NVWA,single_chain_pdbs/anchor_3NVWA.pdb,A,anchor
anchor_1TZWA,single_chain_pdbs/anchor_1TZWA.pdb,A,anchor
anchor_4NTKA,single_chain_pdbs/anchor_4NTKA.pdb,A,anchor
anchor_1FT5A,single_chain_pdbs/anchor_1FT5A.pdb,A,anchor
anchor_1G8QA,single_chain_pdbs/anchor_1G8QA.pdb,A,anchor
anchor_4S1HA,single_chain_pdbs/anchor_4S1HA.pdb,A,anchor
anchor_1EUVA,single_chain_pdbs/anchor_1EUVA.pdb,A,anchor
anchor_2CCQA,single_chain_pdbs/anchor_2CCQA.pdb,A,anchor
anchor_5NVIA,single_chain_pdbs/anchor_5NVIA.pdb,A,anchor
anchor_6G3CA,single_chain_pdbs/anchor_6G3CA.pdb,A,anchor
anchor_2FJ9A,single_chain_pdbs/anchor_2FJ9A.pdb,A,anchor
anchor_1E2WA,single_chain_pdbs/anchor_1E2WA.pdb,A,anchor
anchor_1MK0A,single_chain_pdbs/anchor_1MK0A.pdb,A,anchor
anchor_1ZKED,single_chain_pdbs/anchor_1ZKED.pdb,D,anchor
anchor_4QMDA,single_chain_pdbs/anchor_4QMDA.pdb,A,anchor
anchor_6DNVB,single_chain_pdbs/anchor_6DNVB.pdb,B,anchor
anchor_7O74A,single_chain_pdbs/anchor_7O74A.pdb,A,anchor
anchor_3RF3B,single_chain_pdbs/anchor_3RF3B.pdb,B,anchor
anchor_3TK0A,single_chain_pdbs/anchor_3TK0A.pdb,A,anchor
anchor_4H0CA,single_chain_pdbs/anchor_4H0CA.pdb,A,anchor
anchor_1HTRP,single_chain_pdbs/anchor_1HTRP.pdb,P,anchor
anchor_1WOLA,single_chain_pdbs/anchor_1WOLA.pdb,A,anchor
anchor_6MXYA,single_chain_pdbs/anchor_6MXYA.pdb,A,anchor
anchor_1GNYA,single_chain_pdbs/anchor_1GNYA.pdb,A,anchor
anchor_1K77A,single_chain_pdbs/anchor_1K77A.pdb,A,anchor
anchor_2ICTA,single_chain_pdbs/anchor_2ICTA.pdb,A,anchor
anchor_1G8KB,single_chain_pdbs/anchor_1G8KB.pdb,B,anchor
anchor_3KZ3A,single_chain_pdbs/anchor_3KZ3A.pdb,A,anchor
anchor_2UTGA,single_chain_pdbs/anchor_2UTGA.pdb,A,anchor
anchor_4HO4B,single_chain_pdbs/anchor_4HO4B.pdb,B,anchor
anchor_1J7GA,single_chain_pdbs/anchor_1J7GA.pdb,A,anchor
anchor_5WCKA,single_chain_pdbs/anchor_5WCKA.pdb,A,anchor
anchor_1SDIA,single_chain_pdbs/anchor_1SDIA.pdb,A,anchor
anchor_3ZNUA,single_chain_pdbs/anchor_3ZNUA.pdb,A,anchor
anchor_3P3VB,single_chain_pdbs/anchor_3P3VB.pdb,B,anchor
anchor_2P97A,single_chain_pdbs/anchor_2P97A.pdb,A,anchor
anchor_3ZOHA,single_chain_pdbs/anchor_3ZOHA.pdb,A,anchor
anchor_7A11A,single_chain_pdbs/anchor_7A11A.pdb,A,anchor
anchor_7NBIB,single_chain_pdbs/anchor_7NBIB.pdb,B,anchor
anchor_2Q35A,single_chain_pdbs/anchor_2Q35A.pdb,A,anchor
anchor_6UN8B,single_chain_pdbs/anchor_6UN8B.pdb,B,anchor
anchor_4X43B,single_chain_pdbs/anchor_4X43B.pdb,B,anchor
anchor_5GW9A,single_chain_pdbs/anchor_5GW9A.pdb,A,anchor
anchor_5JABA,single_chain_pdbs/anchor_5JABA.pdb,A,anchor
anchor_4L21A,single_chain_pdbs/anchor_4L21A.pdb,A,anchor
anchor_1JAYA,single_chain_pdbs/anchor_1JAYA.pdb,A,anchor
anchor_2A7BA,single_chain_pdbs/anchor_2A7BA.pdb,A,anchor
anchor_1SBXA,single_chain_pdbs/anchor_1SBXA.pdb,A,anchor
anchor_1IBYA,single_chain_pdbs/anchor_1IBYA.pdb,A,anchor
anchor_3BKZA,single_chain_pdbs/anchor_3BKZA.pdb,A,anchor
anchor_2BBAA,single_chain_pdbs/anchor_2BBAA.pdb,A,anchor
anchor_2Z3VA,single_chain_pdbs/anchor_2Z3VA.pdb,A,anchor
anchor_1DHNA,single_chain_pdbs/anchor_1DHNA.pdb,A,anchor
anchor_3AKCA,single_chain_pdbs/anchor_3AKCA.pdb,A,anchor
anchor_6M8TA,single_chain_pdbs/anchor_6M8TA.pdb,A,anchor
anchor_4ZA3B,single_chain_pdbs/anchor_4ZA3B.pdb,B,anchor
anchor_3ZZLA,single_chain_pdbs/anchor_3ZZLA.pdb,A,anchor
anchor_6T40C,single_chain_pdbs/anchor_6T40C.pdb,C,anchor
anchor_3JXBC,single_chain_pdbs/anchor_3JXBC.pdb,C,anchor
anchor_1NS5B,single_chain_pdbs/anchor_1NS5B.pdb,B,anchor
anchor_3DHIE,single_chain_pdbs/anchor_3DHIE.pdb,E,anchor
anchor_1OJQA,single_chain_pdbs/anchor_1OJQA.pdb,A,anchor
anchor_5C5DD,single_chain_pdbs/anchor_5C5DD.pdb,D,anchor
anchor_6FXQD,single_chain_pdbs/anchor_6FXQD.pdb,D,anchor
anchor_2EB6A,single_chain_pdbs/anchor_2EB6A.pdb,A,anchor
anchor_5CPGA,single_chain_pdbs/anchor_5CPGA.pdb,A,anchor
anchor_2PFXA,single_chain_pdbs/anchor_2PFXA.pdb,A,anchor
anchor_7APPA,single_chain_pdbs/anchor_7APPA.pdb,A,anchor
anchor_4JHLA,single_chain_pdbs/anchor_4JHLA.pdb,A,anchor
anchor_2CCHB,single_chain_pdbs/anchor_2CCHB.pdb,B,anchor
anchor_4XB6B,single_chain_pdbs/anchor_4XB6B.pdb,B,anchor
anchor_1ASUA,single_chain_pdbs/anchor_1ASUA.pdb,A,anchor
anchor_3GAGA,single_chain_pdbs/anchor_3GAGA.pdb,A,anchor
anchor_2GDMA,single_chain_pdbs/anchor_2GDMA.pdb,A,anchor
anchor_2OD4A,single_chain_pdbs/anchor_2OD4A.pdb,A,anchor
anchor_2ONFA,single_chain_pdbs/anchor_2ONFA.pdb,A,anchor
anchor_1YOCB,single_chain_pdbs/anchor_1YOCB.pdb,B,anchor
anchor_1U5DA,single_chain_pdbs/anchor_1U5DA.pdb,A,anchor
anchor_1Y7RA,single_chain_pdbs/anchor_1Y7RA.pdb,A,anchor
anchor_3GWMA,single_chain_pdbs/anchor_3GWMA.pdb,A,anchor
anchor_2VG0A,single_chain_pdbs/anchor_2VG0A.pdb,A,anchor
anchor_1YRKA,single_chain_pdbs/anchor_1YRKA.pdb,A,anchor
anchor_2BO1A,single_chain_pdbs/anchor_2BO1A.pdb,A,anchor
anchor_3OZZB,single_chain_pdbs/anchor_3OZZB.pdb,B,anchor
anchor_5WQKA,single_chain_pdbs/anchor_5WQKA.pdb,A,anchor
anchor_3BODA,single_chain_pdbs/anchor_3BODA.pdb,A,anchor
anchor_1MOGA,single_chain_pdbs/anchor_1MOGA.pdb,A,anchor
anchor_1ZD7A,single_chain_pdbs/anchor_1ZD7A.pdb,A,anchor
anchor_2EYIA,single_chain_pdbs/anchor_2EYIA.pdb,A,anchor
anchor_1MTYG,single_chain_pdbs/anchor_1MTYG.pdb,G,anchor
anchor_2V4NA,single_chain_pdbs/anchor_2V4NA.pdb,A,anchor
anchor_1OQ1A,single_chain_pdbs/anchor_1OQ1A.pdb,A,anchor
anchor_2F6LA,single_chain_pdbs/anchor_2F6LA.pdb,A,anchor
anchor_2RH3A,single_chain_pdbs/anchor_2RH3A.pdb,A,anchor
anchor_1ORGA,single_chain_pdbs/anchor_1ORGA.pdb,A,anchor
anchor_1OSYA,single_chain_pdbs/anchor_1OSYA.pdb,A,anchor
anchor_1NB9A,single_chain_pdbs/anchor_1NB9A.pdb,A,anchor
anchor_5ZDIA,single_chain_pdbs/anchor_5ZDIA.pdb,A,anchor
anchor_1WO8A,single_chain_pdbs/anchor_1WO8A.pdb,A,anchor
anchor_3HIHA,single_chain_pdbs/anchor_3HIHA.pdb,A,anchor
anchor_3BOHA,single_chain_pdbs/anchor_3BOHA.pdb,A,anchor
anchor_2RJ2A,single_chain_pdbs/anchor_2RJ2A.pdb,A,anchor
anchor_1H0AA,single_chain_pdbs/anchor_1H0AA.pdb,A,anchor
anchor_6ZMBC,single_chain_pdbs/anchor_6ZMBC.pdb,C,anchor
anchor_1U9DA,single_chain_pdbs/anchor_1U9DA.pdb,A,anchor
anchor_5N88E,single_chain_pdbs/anchor_5N88E.pdb,E,anchor
anchor_1PBYC,single_chain_pdbs/anchor_1PBYC.pdb,C,anchor
anchor_3C7XA,single_chain_pdbs/anchor_3C7XA.pdb,A,anchor
anchor_1SRVA,single_chain_pdbs/anchor_1SRVA.pdb,A,anchor
anchor_1RH6A,single_chain_pdbs/anchor_1RH6A.pdb,A,anchor
anchor_6OIOA,single_chain_pdbs/anchor_6OIOA.pdb,A,anchor
anchor_1KDKA,single_chain_pdbs/anchor_1KDKA.pdb,A,anchor
anchor_2QWOB,single_chain_pdbs/anchor_2QWOB.pdb,B,anchor
anchor_1NEPA,single_chain_pdbs/anchor_1NEPA.pdb,A,anchor
anchor_1DGWA,single_chain_pdbs/anchor_1DGWA.pdb,A,anchor
anchor_1H6HA,single_chain_pdbs/anchor_1H6HA.pdb,A,anchor
anchor_1FTRA,single_chain_pdbs/anchor_1FTRA.pdb,A,anchor
anchor_1J83A,single_chain_pdbs/anchor_1J83A.pdb,A,anchor
anchor_1FLTX,single_chain_pdbs/anchor_1FLTX.pdb,X,anchor
anchor_1HTWA,single_chain_pdbs/anchor_1HTWA.pdb,A,anchor
anchor_3BOYA,single_chain_pdbs/anchor_3BOYA.pdb,A,anchor
anchor_5CPZD,single_chain_pdbs/anchor_5CPZD.pdb,D,anchor
anchor_1GUDA,single_chain_pdbs/anchor_1GUDA.pdb,A,anchor
anchor_1BM8A,single_chain_pdbs/anchor_1BM8A.pdb,A,anchor
anchor_4QAGA,single_chain_pdbs/anchor_4QAGA.pdb,A,anchor
anchor_1QIPB,single_chain_pdbs/anchor_1QIPB.pdb,B,anchor
anchor_5IRCA,single_chain_pdbs/anchor_5IRCA.pdb,A,anchor
anchor_3TM9A,single_chain_pdbs/anchor_3TM9A.pdb,A,anchor
anchor_2PBKA,single_chain_pdbs/anchor_2PBKA.pdb,A,anchor
anchor_1A2ZA,single_chain_pdbs/anchor_1A2ZA.pdb,A,anchor
anchor_5JDJA,single_chain_pdbs/anchor_5JDJA.pdb,A,anchor
anchor_3EO8A,single_chain_pdbs/anchor_3EO8A.pdb,A,anchor
anchor_2AH5A,single_chain_pdbs/anchor_2AH5A.pdb,A,anchor
anchor_1NQUA,single_chain_pdbs/anchor_1NQUA.pdb,A,anchor
anchor_3CLAA,single_chain_pdbs/anchor_3CLAA.pdb,A,anchor
anchor_5AGYA,single_chain_pdbs/anchor_5AGYA.pdb,A,anchor
anchor_1W2WA,single_chain_pdbs/anchor_1W2WA.pdb,A,anchor
anchor_1KPTA,single_chain_pdbs/anchor_1KPTA.pdb,A,anchor
anchor_2OC6A,single_chain_pdbs/anchor_2OC6A.pdb,A,anchor
anchor_3FYDA,single_chain_pdbs/anchor_3FYDA.pdb,A,anchor
anchor_2OCGA,single_chain_pdbs/anchor_2OCGA.pdb,A,anchor
anchor_3EGVA,single_chain_pdbs/anchor_3EGVA.pdb,A,anchor
anchor_1QWZA,single_chain_pdbs/anchor_1QWZA.pdb,A,anchor
anchor_1LK5A,single_chain_pdbs/anchor_1LK5A.pdb,A,anchor
anchor_4L07A,single_chain_pdbs/anchor_4L07A.pdb,A,anchor
anchor_1MIXA,single_chain_pdbs/anchor_1MIXA.pdb,A,anchor
anchor_3OAMA,single_chain_pdbs/anchor_3OAMA.pdb,A,anchor
anchor_4LFGA,single_chain_pdbs/anchor_4LFGA.pdb,A,anchor
anchor_3PT8B,single_chain_pdbs/anchor_3PT8B.pdb,B,anchor
anchor_2A6SB,single_chain_pdbs/anchor_2A6SB.pdb,B,anchor
anchor_3QYJA,single_chain_pdbs/anchor_3QYJA.pdb,A,anchor
anchor_3P8TA,single_chain_pdbs/anchor_3P8TA.pdb,A,anchor
anchor_5WQOA,single_chain_pdbs/anchor_5WQOA.pdb,A,anchor
anchor_1X7VC,single_chain_pdbs/anchor_1X7VC.pdb,C,anchor
anchor_7E9BC,single_chain_pdbs/anchor_7E9BC.pdb,C,anchor
anchor_2YCIX,single_chain_pdbs/anchor_2YCIX.pdb,X,anchor
anchor_5E9QC,single_chain_pdbs/anchor_5E9QC.pdb,C,anchor
anchor_3FT1A,single_chain_pdbs/anchor_3FT1A.pdb,A,anchor
anchor_5XSEA,single_chain_pdbs/anchor_5XSEA.pdb,A,anchor
anchor_2VBOA,single_chain_pdbs/anchor_2VBOA.pdb,A,anchor
anchor_2J7QA,single_chain_pdbs/anchor_2J7QA.pdb,A,anchor
anchor_1LBUA,single_chain_pdbs/anchor_1LBUA.pdb,A,anchor
anchor_1XS1A,single_chain_pdbs/anchor_1XS1A.pdb,A,anchor
anchor_4XCWB,single_chain_pdbs/anchor_4XCWB.pdb,B,anchor
anchor_3KS6A,single_chain_pdbs/anchor_3KS6A.pdb,A,anchor
anchor_2Y8WA,single_chain_pdbs/anchor_2Y8WA.pdb,A,anchor
anchor_2A40B,single_chain_pdbs/anchor_2A40B.pdb,B,anchor
anchor_1LVMA,single_chain_pdbs/anchor_1LVMA.pdb,A,anchor
anchor_6FMGA,single_chain_pdbs/anchor_6FMGA.pdb,A,anchor
anchor_1ATZB,single_chain_pdbs/anchor_1ATZB.pdb,B,anchor
anchor_1C44A,single_chain_pdbs/anchor_1C44A.pdb,A,anchor
anchor_2O9AA,single_chain_pdbs/anchor_2O9AA.pdb,A,anchor
anchor_3EWOA,single_chain_pdbs/anchor_3EWOA.pdb,A,anchor
anchor_1H72C,single_chain_pdbs/anchor_1H72C.pdb,C,anchor
anchor_2UWAA,single_chain_pdbs/anchor_2UWAA.pdb,A,anchor
anchor_5NAYE,single_chain_pdbs/anchor_5NAYE.pdb,E,anchor
anchor_1E0CA,single_chain_pdbs/anchor_1E0CA.pdb,A,anchor
anchor_1CJWA,single_chain_pdbs/anchor_1CJWA.pdb,A,anchor
anchor_5DDTA,single_chain_pdbs/anchor_5DDTA.pdb,A,anchor
anchor_2SAKA,single_chain_pdbs/anchor_2SAKA.pdb,A,anchor
anchor_2CVZC,single_chain_pdbs/anchor_2CVZC.pdb,C,anchor
anchor_1CMCA,single_chain_pdbs/anchor_1CMCA.pdb,A,anchor
anchor_1TMLA,single_chain_pdbs/anchor_1TMLA.pdb,A,anchor
anchor_5LE5L,single_chain_pdbs/anchor_5LE5L.pdb,L,anchor
anchor_1T6KA,single_chain_pdbs/anchor_1T6KA.pdb,A,anchor
anchor_1IJBA,single_chain_pdbs/anchor_1IJBA.pdb,A,anchor
anchor_2AG4A,single_chain_pdbs/anchor_2AG4A.pdb,A,anchor
anchor_2W0IA,single_chain_pdbs/anchor_2W0IA.pdb,A,anchor
anchor_6QBAB,single_chain_pdbs/anchor_6QBAB.pdb,B,anchor
anchor_1DUSA,single_chain_pdbs/anchor_1DUSA.pdb,A,anchor
anchor_1ZHSA,single_chain_pdbs/anchor_1ZHSA.pdb,A,anchor
anchor_1PXVC,single_chain_pdbs/anchor_1PXVC.pdb,C,anchor
anchor_1MPGA,single_chain_pdbs/anchor_1MPGA.pdb,A,anchor
anchor_3N2NA,single_chain_pdbs/anchor_3N2NA.pdb,A,anchor
anchor_2EKYB,single_chain_pdbs/anchor_2EKYB.pdb,B,anchor
anchor_6STDA,single_chain_pdbs/anchor_6STDA.pdb,A,anchor
anchor_1ZZIA,single_chain_pdbs/anchor_1ZZIA.pdb,A,anchor
anchor_2C4NA,single_chain_pdbs/anchor_2C4NA.pdb,A,anchor
anchor_1DOWA,single_chain_pdbs/anchor_1DOWA.pdb,A,anchor
anchor_1H9JA,single_chain_pdbs/anchor_1H9JA.pdb,A,anchor
anchor_5EDXA,single_chain_pdbs/anchor_5EDXA.pdb,A,anchor
anchor_2PVQA,single_chain_pdbs/anchor_2PVQA.pdb,A,anchor
anchor_6HDEB,single_chain_pdbs/anchor_6HDEB.pdb,B,anchor
anchor_1HQ0A,single_chain_pdbs/anchor_1HQ0A.pdb,A,anchor
anchor_4ILYB,single_chain_pdbs/anchor_4ILYB.pdb,B,anchor
anchor_5CFLA,single_chain_pdbs/anchor_5CFLA.pdb,A,anchor
anchor_1A44A,single_chain_pdbs/anchor_1A44A.pdb,A,anchor
anchor_2OR2A,single_chain_pdbs/anchor_2OR2A.pdb,A,anchor
anchor_1ZE3C,single_chain_pdbs/anchor_1ZE3C.pdb,C,anchor
anchor_6IARA,single_chain_pdbs/anchor_6IARA.pdb,A,anchor
anchor_6FWTA,single_chain_pdbs/anchor_6FWTA.pdb,A,anchor
anchor_5B66V,single_chain_pdbs/anchor_5B66V.pdb,V,anchor
anchor_4K4CA,single_chain_pdbs/anchor_4K4CA.pdb,A,anchor
anchor_2CWYA,single_chain_pdbs/anchor_2CWYA.pdb,A,anchor
anchor_2ZFZD,single_chain_pdbs/anchor_2ZFZD.pdb,D,anchor
anchor_2ABKA,single_chain_pdbs/anchor_2ABKA.pdb,A,anchor
anchor_3EN8A,single_chain_pdbs/anchor_3EN8A.pdb,A,anchor
anchor_2F4MA,single_chain_pdbs/anchor_2F4MA.pdb,A,anchor
anchor_4EWLA,single_chain_pdbs/anchor_4EWLA.pdb,A,anchor
anchor_2YZHD,single_chain_pdbs/anchor_2YZHD.pdb,D,anchor
anchor_1VLSA,single_chain_pdbs/anchor_1VLSA.pdb,A,anchor
anchor_2OD6A,single_chain_pdbs/anchor_2OD6A.pdb,A,anchor
anchor_1GSJA,single_chain_pdbs/anchor_1GSJA.pdb,A,anchor
anchor_4O00B,single_chain_pdbs/anchor_4O00B.pdb,B,anchor
anchor_6HC0B,single_chain_pdbs/anchor_6HC0B.pdb,B,anchor
anchor_7CAWB,single_chain_pdbs/anchor_7CAWB.pdb,B,anchor
anchor_3SM4C,single_chain_pdbs/anchor_3SM4C.pdb,C,anchor
anchor_3L07B,single_chain_pdbs/anchor_3L07B.pdb,B,anchor
anchor_4GKIA,single_chain_pdbs/anchor_4GKIA.pdb,A,anchor
anchor_3NO3A,single_chain_pdbs/anchor_3NO3A.pdb,A,anchor
anchor_4JOQA,single_chain_pdbs/anchor_4JOQA.pdb,A,anchor
anchor_3TI2C,single_chain_pdbs/anchor_3TI2C.pdb,C,anchor
anchor_6A9AA,single_chain_pdbs/anchor_6A9AA.pdb,A,anchor
anchor_1QQP3,single_chain_pdbs/anchor_1QQP3.pdb,3,anchor
anchor_3KSMA,single_chain_pdbs/anchor_3KSMA.pdb,A,anchor
anchor_1U6TA,single_chain_pdbs/anchor_1U6TA.pdb,A,anchor
anchor_1EX7A,single_chain_pdbs/anchor_1EX7A.pdb,A,anchor
anchor_2BKRA,single_chain_pdbs/anchor_2BKRA.pdb,A,anchor
anchor_1WTEA,single_chain_pdbs/anchor_1WTEA.pdb,A,anchor
anchor_1GUIA,single_chain_pdbs/anchor_1GUIA.pdb,A,anchor
anchor_4XHEB,single_chain_pdbs/anchor_4XHEB.pdb,B,anchor
anchor_3ZIWA,single_chain_pdbs/anchor_3ZIWA.pdb,A,anchor
anchor_2H61B,single_chain_pdbs/anchor_2H61B.pdb,B,anchor
anchor_6DS7A,single_chain_pdbs/anchor_6DS7A.pdb,A,anchor
anchor_1REGX,single_chain_pdbs/anchor_1REGX.pdb,X,anchor
anchor_2DFXI,single_chain_pdbs/anchor_2DFXI.pdb,I,anchor
anchor_2FREA,single_chain_pdbs/anchor_2FREA.pdb,A,anchor
anchor_1QZMA,single_chain_pdbs/anchor_1QZMA.pdb,A,anchor
anchor_3LHRB,single_chain_pdbs/anchor_3LHRB.pdb,B,anchor
anchor_2AKAB,single_chain_pdbs/anchor_2AKAB.pdb,B,anchor
anchor_3D03A,single_chain_pdbs/anchor_3D03A.pdb,A,anchor
anchor_1YZFA,single_chain_pdbs/anchor_1YZFA.pdb,A,anchor
anchor_1GVCA,single_chain_pdbs/anchor_1GVCA.pdb,A,anchor
anchor_3URYA,single_chain_pdbs/anchor_3URYA.pdb,A,anchor
anchor_6L4ZB,single_chain_pdbs/anchor_6L4ZB.pdb,B,anchor
anchor_1S4KA,single_chain_pdbs/anchor_1S4KA.pdb,A,anchor
anchor_1A8LA,single_chain_pdbs/anchor_1A8LA.pdb,A,anchor
anchor_1K12A,single_chain_pdbs/anchor_1K12A.pdb,A,anchor
anchor_1JFLA,single_chain_pdbs/anchor_1JFLA.pdb,A,anchor
anchor_1YGHA,single_chain_pdbs/anchor_1YGHA.pdb,A,anchor
anchor_1T06A,single_chain_pdbs/anchor_1T06A.pdb,A,anchor
anchor_2B1LB,single_chain_pdbs/anchor_2B1LB.pdb,B,anchor
anchor_1YQGA,single_chain_pdbs/anchor_1YQGA.pdb,A,anchor
anchor_1AYOA,single_chain_pdbs/anchor_1AYOA.pdb,A,anchor
anchor_1YIXA,single_chain_pdbs/anchor_1YIXA.pdb,A,anchor
anchor_7NUGA,single_chain_pdbs/anchor_7NUGA.pdb,A,anchor
anchor_1UGHI,single_chain_pdbs/anchor_1UGHI.pdb,I,anchor
anchor_1DFXA,single_chain_pdbs/anchor_1DFXA.pdb,A,anchor
anchor_4XFSB,single_chain_pdbs/anchor_4XFSB.pdb,B,anchor
anchor_5LU7D,single_chain_pdbs/anchor_5LU7D.pdb,D,anchor
anchor_1OLLA,single_chain_pdbs/anchor_1OLLA.pdb,A,anchor
anchor_4WI0B,single_chain_pdbs/anchor_4WI0B.pdb,B,anchor
anchor_3RS1A,single_chain_pdbs/anchor_3RS1A.pdb,A,anchor
anchor_4TX4A,single_chain_pdbs/anchor_4TX4A.pdb,A,anchor
anchor_1AW7A,single_chain_pdbs/anchor_1AW7A.pdb,A,anchor
anchor_1LTSA,single_chain_pdbs/anchor_1LTSA.pdb,A,anchor
anchor_2WFRA,single_chain_pdbs/anchor_2WFRA.pdb,A,anchor
anchor_5JRXA,single_chain_pdbs/anchor_5JRXA.pdb,A,anchor
anchor_2P6HA,single_chain_pdbs/anchor_2P6HA.pdb,A,anchor
anchor_1FIFA,single_chain_pdbs/anchor_1FIFA.pdb,A,anchor
anchor_4KUNA,single_chain_pdbs/anchor_4KUNA.pdb,A,anchor
anchor_7EP8A,single_chain_pdbs/anchor_7EP8A.pdb,A,anchor
anchor_4TNNA,single_chain_pdbs/anchor_4TNNA.pdb,A,anchor
anchor_5BPVA,single_chain_pdbs/anchor_5BPVA.pdb,A,anchor
anchor_6MBNA,single_chain_pdbs/anchor_6MBNA.pdb,A,anchor
anchor_7BXYA,single_chain_pdbs/anchor_7BXYA.pdb,A,anchor
anchor_6ISNC,single_chain_pdbs/anchor_6ISNC.pdb,C,anchor
anchor_1P5UB,single_chain_pdbs/anchor_1P5UB.pdb,B,anchor
anchor_3GNJA,single_chain_pdbs/anchor_3GNJA.pdb,A,anchor
anchor_6IXXI,single_chain_pdbs/anchor_6IXXI.pdb,I,anchor
anchor_4QPOA,single_chain_pdbs/anchor_4QPOA.pdb,A,anchor
anchor_2QLXA,single_chain_pdbs/anchor_2QLXA.pdb,A,anchor
anchor_3TDTA,single_chain_pdbs/anchor_3TDTA.pdb,A,anchor
anchor_1A53A,single_chain_pdbs/anchor_1A53A.pdb,A,anchor
anchor_3CNVC,single_chain_pdbs/anchor_3CNVC.pdb,C,anchor
anchor_1AJ2A,single_chain_pdbs/anchor_1AJ2A.pdb,A,anchor
anchor_4ZV9A,single_chain_pdbs/anchor_4ZV9A.pdb,A,anchor
anchor_2Z0ZA,single_chain_pdbs/anchor_2Z0ZA.pdb,A,anchor
anchor_2Q9VA,single_chain_pdbs/anchor_2Q9VA.pdb,A,anchor
anchor_7JH4A,single_chain_pdbs/anchor_7JH4A.pdb,A,anchor
anchor_2I1BA,single_chain_pdbs/anchor_2I1BA.pdb,A,anchor
anchor_1WHSA,single_chain_pdbs/anchor_1WHSA.pdb,A,anchor
anchor_1HE1A,single_chain_pdbs/anchor_1HE1A.pdb,A,anchor
anchor_3HEIB,single_chain_pdbs/anchor_3HEIB.pdb,B,anchor
anchor_1P5XA,single_chain_pdbs/anchor_1P5XA.pdb,A,anchor
anchor_1SULB,single_chain_pdbs/anchor_1SULB.pdb,B,anchor
anchor_6A8LA,single_chain_pdbs/anchor_6A8LA.pdb,A,anchor
anchor_3NCEA,single_chain_pdbs/anchor_3NCEA.pdb,A,anchor
anchor_2SCPA,single_chain_pdbs/anchor_2SCPA.pdb,A,anchor
anchor_1AE3A,single_chain_pdbs/anchor_1AE3A.pdb,A,anchor
anchor_1PBVA,single_chain_pdbs/anchor_1PBVA.pdb,A,anchor
anchor_2CO6A,single_chain_pdbs/anchor_2CO6A.pdb,A,anchor
anchor_2BW3B,single_chain_pdbs/anchor_2BW3B.pdb,B,anchor
anchor_2WFBA,single_chain_pdbs/anchor_2WFBA.pdb,A,anchor
anchor_3DCXA,single_chain_pdbs/anchor_3DCXA.pdb,A,anchor
anchor_1DEKA,single_chain_pdbs/anchor_1DEKA.pdb,A,anchor
anchor_1VAVA,single_chain_pdbs/anchor_1VAVA.pdb,A,anchor
anchor_2HE7A,single_chain_pdbs/anchor_2HE7A.pdb,A,anchor
anchor_2P9HA,single_chain_pdbs/anchor_2P9HA.pdb,A,anchor
anchor_2X63A,single_chain_pdbs/anchor_2X63A.pdb,A,anchor
anchor_5GJ3A,single_chain_pdbs/anchor_5GJ3A.pdb,A,anchor
anchor_1RXZA,single_chain_pdbs/anchor_1RXZA.pdb,A,anchor
anchor_2FE7B,single_chain_pdbs/anchor_2FE7B.pdb,B,anchor
anchor_7NCCA,single_chain_pdbs/anchor_7NCCA.pdb,A,anchor
anchor_2IDZA,single_chain_pdbs/anchor_2IDZA.pdb,A,anchor
anchor_1SURA,single_chain_pdbs/anchor_1SURA.pdb,A,anchor
anchor_6CW9A,single_chain_pdbs/anchor_6CW9A.pdb,A,anchor
anchor_1NSJA,single_chain_pdbs/anchor_1NSJA.pdb,A,anchor
anchor_2KINA,single_chain_pdbs/anchor_2KINA.pdb,A,anchor
anchor_3O3FA,single_chain_pdbs/anchor_3O3FA.pdb,A,anchor
anchor_2OWPA,single_chain_pdbs/anchor_2OWPA.pdb,A,anchor
anchor_1V74A,single_chain_pdbs/anchor_1V74A.pdb,A,anchor
anchor_1V74B,single_chain_pdbs/anchor_1V74B.pdb,B,anchor
anchor_5B6AA,single_chain_pdbs/anchor_5B6AA.pdb,A,anchor
anchor_2GJUA,single_chain_pdbs/anchor_2GJUA.pdb,A,anchor
anchor_1DVOA,single_chain_pdbs/anchor_1DVOA.pdb,A,anchor
anchor_2WW4A,single_chain_pdbs/anchor_2WW4A.pdb,A,anchor
anchor_1AF7A,single_chain_pdbs/anchor_1AF7A.pdb,A,anchor
anchor_1BBPA,single_chain_pdbs/anchor_1BBPA.pdb,A,anchor
anchor_1MSCA,single_chain_pdbs/anchor_1MSCA.pdb,A,anchor
knotted_1aja_A,single_chain_pdbs/knotted_1aja_A.pdb,A,knotted
knotted_1auk_A,single_chain_pdbs/knotted_1auk_A.pdb,A,knotted
knotted_1by7_A,single_chain_pdbs/knotted_1by7_A.pdb,A,knotted
knotted_1cmx_A,single_chain_pdbs/knotted_1cmx_A.pdb,A,knotted
knotted_1e2h_A,single_chain_pdbs/knotted_1e2h_A.pdb,A,knotted
knotted_1ei6_A,single_chain_pdbs/knotted_1ei6_A.pdb,A,knotted
knotted_1ejj_A,single_chain_pdbs/knotted_1ejj_A.pdb,A,knotted
knotted_1fe1_G,single_chain_pdbs/knotted_1fe1_G.pdb,G,knotted
knotted_1fka_C,single_chain_pdbs/knotted_1fka_C.pdb,C,knotted
knotted_1fug_A,single_chain_pdbs/knotted_1fug_A.pdb,A,knotted
knotted_1gku_B,single_chain_pdbs/knotted_1gku_B.pdb,B,knotted
knotted_1gv4_A,single_chain_pdbs/knotted_1gv4_A.pdb,A,knotted
knotted_1gz0_A,single_chain_pdbs/knotted_1gz0_A.pdb,A,knotted
knotted_1hdh_A,single_chain_pdbs/knotted_1hdh_A.pdb,A,knotted
knotted_1he8_A,single_chain_pdbs/knotted_1he8_A.pdb,A,knotted
knotted_1hyn_P,single_chain_pdbs/knotted_1hyn_P.pdb,P,knotted
knotted_1i3s_A,single_chain_pdbs/knotted_1i3s_A.pdb,A,knotted
knotted_1ilx_G,single_chain_pdbs/knotted_1ilx_G.pdb,G,knotted
knotted_1j85_A,single_chain_pdbs/knotted_1j85_A.pdb,A,knotted
knotted_1jch_A,single_chain_pdbs/knotted_1jch_A.pdb,A,knotted
knotted_1jr1_A,single_chain_pdbs/knotted_1jr1_A.pdb,A,knotted
knotted_1js1_X,single_chain_pdbs/knotted_1js1_X.pdb,X,knotted
knotted_1k3r_A,single_chain_pdbs/knotted_1k3r_A.pdb,A,knotted
knotted_1lm4_A,single_chain_pdbs/knotted_1lm4_A.pdb,A,knotted
knotted_1lns_A,single_chain_pdbs/knotted_1lns_A.pdb,A,knotted
knotted_1m1x_A,single_chain_pdbs/knotted_1m1x_A.pdb,A,knotted
knotted_1mqs_A,single_chain_pdbs/knotted_1mqs_A.pdb,A,knotted
knotted_1n2m_A,single_chain_pdbs/knotted_1n2m_A.pdb,A,knotted
knotted_1ns5_A,single_chain_pdbs/knotted_1ns5_A.pdb,A,knotted
knotted_1nxz_A,single_chain_pdbs/knotted_1nxz_A.pdb,A,knotted
knotted_1ogc_A,single_chain_pdbs/knotted_1ogc_A.pdb,A,knotted
knotted_1pgi_A,single_chain_pdbs/knotted_1pgi_A.pdb,A,knotted
knotted_1pv2_A,single_chain_pdbs/knotted_1pv2_A.pdb,A,knotted
knotted_1q3x_A,single_chain_pdbs/knotted_1q3x_A.pdb,A,knotted
knotted_1rh1_A,single_chain_pdbs/knotted_1rh1_A.pdb,A,knotted
knotted_1s1h_I,single_chain_pdbs/knotted_1s1h_I.pdb,I,knotted
knotted_1ti2_A,single_chain_pdbs/knotted_1ti2_A.pdb,A,knotted
knotted_1ti4_A,single_chain_pdbs/knotted_1ti4_A.pdb,A,knotted
knotted_1ti6_A,single_chain_pdbs/knotted_1ti6_A.pdb,A,knotted
knotted_1uak_A,single_chain_pdbs/knotted_1uak_A.pdb,A,knotted
knotted_1v2x_A,single_chain_pdbs/knotted_1v2x_A.pdb,A,knotted
knotted_1v6z_A,single_chain_pdbs/knotted_1v6z_A.pdb,A,knotted
knotted_1vl4_A,single_chain_pdbs/knotted_1vl4_A.pdb,A,knotted
knotted_1vle_M,single_chain_pdbs/knotted_1vle_M.pdb,M,knotted
knotted_1vlf_M,single_chain_pdbs/knotted_1vlf_M.pdb,M,knotted
knotted_1vw1_A,single_chain_pdbs/knotted_1vw1_A.pdb,A,knotted
knotted_1w5c_X,single_chain_pdbs/knotted_1w5c_X.pdb,X,knotted
knotted_1xfh_A,single_chain_pdbs/knotted_1xfh_A.pdb,A,knotted
knotted_1yh1_A,single_chain_pdbs/knotted_1yh1_A.pdb,A,knotted
knotted_1yrl_A,single_chain_pdbs/knotted_1yrl_A.pdb,A,knotted
knotted_1zjr_A,single_chain_pdbs/knotted_1zjr_A.pdb,A,knotted
knotted_1ztu_A,single_chain_pdbs/knotted_1ztu_A.pdb,A,knotted
knotted_2a65_A,single_chain_pdbs/knotted_2a65_A.pdb,A,knotted
knotted_2axc_A,single_chain_pdbs/knotted_2axc_A.pdb,A,knotted
knotted_2b9b_A,single_chain_pdbs/knotted_2b9b_A.pdb,A,knotted
knotted_2bm0_A,single_chain_pdbs/knotted_2bm0_A.pdb,A,knotted
knotted_2cav_A,single_chain_pdbs/knotted_2cav_A.pdb,A,knotted
knotted_2cfa_B,single_chain_pdbs/knotted_2cfa_B.pdb,B,knotted
knotted_2d1g_A,single_chain_pdbs/knotted_2d1g_A.pdb,A,knotted
knotted_2d7d_A,single_chain_pdbs/knotted_2d7d_A.pdb,A,knotted
knotted_2efv_A,single_chain_pdbs/knotted_2efv_A.pdb,A,knotted
knotted_2fy5_A,single_chain_pdbs/knotted_2fy5_A.pdb,A,knotted
knotted_2gsn_A,single_chain_pdbs/knotted_2gsn_A.pdb,A,knotted
knotted_2ha8_A,single_chain_pdbs/knotted_2ha8_A.pdb,A,knotted
knotted_2hfx_A,single_chain_pdbs/knotted_2hfx_A.pdb,A,knotted
knotted_2hfy_A,single_chain_pdbs/knotted_2hfy_A.pdb,A,knotted
knotted_2hjn_A,single_chain_pdbs/knotted_2hjn_A.pdb,A,knotted
knotted_2iuc_A,single_chain_pdbs/knotted_2iuc_A.pdb,A,knotted
knotted_2j6b_A,single_chain_pdbs/knotted_2j6b_A.pdb,A,knotted
knotted_2jln_A,single_chain_pdbs/knotted_2jln_A.pdb,A,knotted
knotted_2jlo_A,single_chain_pdbs/knotted_2jlo_A.pdb,A,knotted
knotted_2k0a_A,single_chain_pdbs/knotted_2k0a_A.pdb,A,knotted
knotted_2m9q_A,single_chain_pdbs/knotted_2m9q_A.pdb,A,knotted
knotted_2o3a_A,single_chain_pdbs/knotted_2o3a_A.pdb,A,knotted
knotted_2ofz_A,single_chain_pdbs/knotted_2ofz_A.pdb,A,knotted
knotted_2pps_F,single_chain_pdbs/knotted_2pps_F.pdb,F,knotted
knotted_2qmm_A,single_chain_pdbs/knotted_2qmm_A.pdb,A,knotted
knotted_2qwv_A,single_chain_pdbs/knotted_2qwv_A.pdb,A,knotted
knotted_2qzu_A,single_chain_pdbs/knotted_2qzu_A.pdb,A,knotted
knotted_2r6e_A,single_chain_pdbs/knotted_2r6e_A.pdb,A,knotted
knotted_2rh3_A,single_chain_pdbs/knotted_2rh3_A.pdb,A,knotted
knotted_2v3j_A,single_chain_pdbs/knotted_2v3j_A.pdb,A,knotted
knotted_2v64_A,single_chain_pdbs/knotted_2v64_A.pdb,A,knotted
knotted_2vea_A,single_chain_pdbs/knotted_2vea_A.pdb,A,knotted
knotted_2vnt_A,single_chain_pdbs/knotted_2vnt_A.pdb,A,knotted
knotted_2vqr_A,single_chain_pdbs/knotted_2vqr_A.pdb,A,knotted
knotted_2w4v_C,single_chain_pdbs/knotted_2w4v_C.pdb,C,knotted
knotted_2w5q_A,single_chain_pdbs/knotted_2w5q_A.pdb,A,knotted
knotted_2wit_A,single_chain_pdbs/knotted_2wit_A.pdb,A,knotted
knotted_2xq2_A,single_chain_pdbs/knotted_2xq2_A.pdb,A,knotted
knotted_2xr9_A,single_chain_pdbs/knotted_2xr9_A.pdb,A,knotted
knotted_2xtj_A,single_chain_pdbs/knotted_2xtj_A.pdb,A,knotted
knotted_2ybb_n,single_chain_pdbs/knotted_2ybb_n.pdb,n,knotted
knotted_2yfk_A,single_chain_pdbs/knotted_2yfk_A.pdb,A,knotted
knotted_3a7s_A,single_chain_pdbs/knotted_3a7s_A.pdb,A,knotted
knotted_3ady_A,single_chain_pdbs/knotted_3ady_A.pdb,A,knotted
knotted_3b5q_A,single_chain_pdbs/knotted_3b5q_A.pdb,A,knotted
knotted_3bbd_A,single_chain_pdbs/knotted_3bbd_A.pdb,A,knotted
knotted_3bjx_A,single_chain_pdbs/knotted_3bjx_A.pdb,A,knotted
knotted_3cm8_A,single_chain_pdbs/knotted_3cm8_A.pdb,A,knotted
knotted_3cmi_A,single_chain_pdbs/knotted_3cmi_A.pdb,A,knotted
knotted_3csy_I,single_chain_pdbs/knotted_3csy_I.pdb,I,knotted
knotted_3cwo_X,single_chain_pdbs/knotted_3cwo_X.pdb,X,knotted
knotted_3dcm_X,single_chain_pdbs/knotted_3dcm_X.pdb,X,knotted
knotted_3e0j_A,single_chain_pdbs/knotted_3e0j_A.pdb,A,knotted
knotted_3e2d_A,single_chain_pdbs/knotted_3e2d_A.pdb,A,knotted
knotted_3ed7_A,single_chain_pdbs/knotted_3ed7_A.pdb,A,knotted
knotted_3en9_A,single_chain_pdbs/knotted_3en9_A.pdb,A,knotted
knotted_3fr7_A,single_chain_pdbs/knotted_3fr7_A.pdb,A,knotted
knotted_3fsg_A,single_chain_pdbs/knotted_3fsg_A.pdb,A,knotted
knotted_3gi8_C,single_chain_pdbs/knotted_3gi8_C.pdb,C,knotted
knotted_3gyq_A,single_chain_pdbs/knotted_3gyq_A.pdb,A,knotted
knotted_3ic6_A,single_chain_pdbs/knotted_3ic6_A.pdb,A,knotted
knotted_3ihr_A,single_chain_pdbs/knotted_3ihr_A.pdb,A,knotted
knotted_3ilk_A,single_chain_pdbs/knotted_3ilk_A.pdb,A,knotted
knotted_3iqk_A,single_chain_pdbs/knotted_3iqk_A.pdb,A,knotted
knotted_3iyh_A,single_chain_pdbs/knotted_3iyh_A.pdb,A,knotted
knotted_3j7y_5,single_chain_pdbs/knotted_3j7y_5.pdb,5,knotted
knotted_3j7y_s,single_chain_pdbs/knotted_3j7y_s.pdb,s,knotted
knotted_3jyw_E,single_chain_pdbs/knotted_3jyw_E.pdb,E,knotted
knotted_3kty_A,single_chain_pdbs/knotted_3kty_A.pdb,A,knotted
knotted_3l1l_A,single_chain_pdbs/knotted_3l1l_A.pdb,A,knotted
knotted_3l8u_A,single_chain_pdbs/knotted_3l8u_A.pdb,A,knotted
knotted_3lxq_A,single_chain_pdbs/knotted_3lxq_A.pdb,A,knotted
knotted_3m7v_A,single_chain_pdbs/knotted_3m7v_A.pdb,A,knotted
knotted_3m9c_M,single_chain_pdbs/knotted_3m9c_M.pdb,M,knotted
knotted_3m9s_M,single_chain_pdbs/knotted_3m9s_M.pdb,M,knotted
knotted_3mfb_A,single_chain_pdbs/knotted_3mfb_A.pdb,A,knotted
knotted_3mlg_A,single_chain_pdbs/knotted_3mlg_A.pdb,A,knotted
knotted_3o7b_A,single_chain_pdbs/knotted_3o7b_A.pdb,A,knotted
knotted_3oc3_A,single_chain_pdbs/knotted_3oc3_A.pdb,A,knotted
knotted_3pff_A,single_chain_pdbs/knotted_3pff_A.pdb,A,knotted
knotted_3prx_A,single_chain_pdbs/knotted_3prx_A.pdb,A,knotted
knotted_3pvm_B,single_chain_pdbs/knotted_3pvm_B.pdb,B,knotted
knotted_3pzl_A,single_chain_pdbs/knotted_3pzl_A.pdb,A,knotted
knotted_3q3q_A,single_chain_pdbs/knotted_3q3q_A.pdb,A,knotted
knotted_3qe7_A,single_chain_pdbs/knotted_3qe7_A.pdb,A,knotted
knotted_3qfh_A,single_chain_pdbs/knotted_3qfh_A.pdb,A,knotted
knotted_3qtd_A,single_chain_pdbs/knotted_3qtd_A.pdb,A,knotted
knotted_3r3e_A,single_chain_pdbs/knotted_3r3e_A.pdb,A,knotted
knotted_3rfy_A,single_chain_pdbs/knotted_3rfy_A.pdb,A,knotted
knotted_3s88_I,single_chain_pdbs/knotted_3s88_I.pdb,I,knotted
knotted_3sig_A,single_chain_pdbs/knotted_3sig_A.pdb,A,knotted
knotted_3v5u_A,single_chain_pdbs/knotted_3v5u_A.pdb,A,knotted
knotted_3wpc_A,single_chain_pdbs/knotted_3wpc_A.pdb,A,knotted
knotted_3x2d_A,single_chain_pdbs/knotted_3x2d_A.pdb,A,knotted
knotted_4av2_A,single_chain_pdbs/knotted_4av2_A.pdb,A,knotted
knotted_4bin_A,single_chain_pdbs/knotted_4bin_A.pdb,A,knotted
knotted_4bpq_A,single_chain_pdbs/knotted_4bpq_A.pdb,A,knotted
knotted_4bxw_A,single_chain_pdbs/knotted_4bxw_A.pdb,A,knotted
knotted_4cbp_A,single_chain_pdbs/knotted_4cbp_A.pdb,A,knotted
knotted_4ce4_z,single_chain_pdbs/knotted_4ce4_z.pdb,z,knotted
knotted_4cng_A,single_chain_pdbs/knotted_4cng_A.pdb,A,knotted
knotted_4djk_A,single_chain_pdbs/knotted_4djk_A.pdb,A,knotted
knotted_4dz4_A,single_chain_pdbs/knotted_4dz4_A.pdb,A,knotted
knotted_4fmw_A,single_chain_pdbs/knotted_4fmw_A.pdb,A,knotted
knotted_4fvm_A,single_chain_pdbs/knotted_4fvm_A.pdb,A,knotted
knotted_4gge_A,single_chain_pdbs/knotted_4gge_A.pdb,A,knotted
knotted_4gw9_A,single_chain_pdbs/knotted_4gw9_A.pdb,A,knotted
knotted_4h6v_A,single_chain_pdbs/knotted_4h6v_A.pdb,A,knotted
knotted_4ig7_A,single_chain_pdbs/knotted_4ig7_A.pdb,A,knotted
knotted_4j3c_A,single_chain_pdbs/knotted_4j3c_A.pdb,A,knotted
knotted_4j7h_A,single_chain_pdbs/knotted_4j7h_A.pdb,A,knotted
knotted_4jhw_F,single_chain_pdbs/knotted_4jhw_F.pdb,F,knotted
knotted_4jwh_A,single_chain_pdbs/knotted_4jwh_A.pdb,A,knotted
knotted_4k1c_A,single_chain_pdbs/knotted_4k1c_A.pdb,A,knotted
knotted_4kav_A,single_chain_pdbs/knotted_4kav_A.pdb,A,knotted
knotted_4kjr_A,single_chain_pdbs/knotted_4kjr_A.pdb,A,knotted
knotted_4kpp_A,single_chain_pdbs/knotted_4kpp_A.pdb,A,knotted
knotted_4ky9_A,single_chain_pdbs/knotted_4ky9_A.pdb,A,knotted
knotted_4l69_A,single_chain_pdbs/knotted_4l69_A.pdb,A,knotted
knotted_4l7i_A,single_chain_pdbs/knotted_4l7i_A.pdb,A,knotted
knotted_4lrv_A,single_chain_pdbs/knotted_4lrv_A.pdb,A,knotted
knotted_4m1c_B,single_chain_pdbs/knotted_4m1c_B.pdb,B,knotted
knotted_4miv_A,single_chain_pdbs/knotted_4miv_A.pdb,A,knotted
knotted_4o6b_A,single_chain_pdbs/knotted_4o6b_A.pdb,A,knotted
knotted_4oyg_A,single_chain_pdbs/knotted_4oyg_A.pdb,A,knotted
knotted_4oyg_B,single_chain_pdbs/knotted_4oyg_B.pdb,B,knotted
knotted_4oyg_C,single_chain_pdbs/knotted_4oyg_C.pdb,C,knotted
knotted_4oyg_D,single_chain_pdbs/knotted_4oyg_D.pdb,D,knotted
knotted_4oyg_E,single_chain_pdbs/knotted_4oyg_E.pdb,E,knotted
knotted_4oyg_F,single_chain_pdbs/knotted_4oyg_F.pdb,F,knotted
knotted_4p26_D,single_chain_pdbs/knotted_4p26_D.pdb,D,knotted
knotted_4qrv_A,single_chain_pdbs/knotted_4qrv_A.pdb,A,knotted
knotted_4tzo_A,single_chain_pdbs/knotted_4tzo_A.pdb,A,knotted
knotted_4ux8_C,single_chain_pdbs/knotted_4ux8_C.pdb,C,knotted
knotted_4v7h_BE,single_chain_pdbs/knotted_4v7h_BE.pdb,BE,knotted
knotted_4wgv_A,single_chain_pdbs/knotted_4wgv_A.pdb,A,knotted
knotted_4wkk_A,single_chain_pdbs/knotted_4wkk_A.pdb,A,knotted
knotted_4wvm_B,single_chain_pdbs/knotted_4wvm_B.pdb,B,knotted
knotted_4xe2_A,single_chain_pdbs/knotted_4xe2_A.pdb,A,knotted
knotted_4ye9_A,single_chain_pdbs/knotted_4ye9_A.pdb,A,knotted
knotted_4yzf_A,single_chain_pdbs/knotted_4yzf_A.pdb,A,knotted
knotted_5a42_A,single_chain_pdbs/knotted_5a42_A.pdb,A,knotted
knotted_5a7y_A,single_chain_pdbs/knotted_5a7y_A.pdb,A,knotted
knotted_5a7z_A,single_chain_pdbs/knotted_5a7z_A.pdb,A,knotted
knotted_5adx_M,single_chain_pdbs/knotted_5adx_M.pdb,M,knotted
knotted_5aft_M,single_chain_pdbs/knotted_5aft_M.pdb,M,knotted
knotted_5afu_M,single_chain_pdbs/knotted_5afu_M.pdb,M,knotted
knotted_5aor_A,single_chain_pdbs/knotted_5aor_A.pdb,A,knotted
knotted_5ap8_A,single_chain_pdbs/knotted_5ap8_A.pdb,A,knotted
knotted_5apg_A,single_chain_pdbs/knotted_5apg_A.pdb,A,knotted
knotted_5bt1_A,single_chain_pdbs/knotted_5bt1_A.pdb,A,knotted
knotted_5bu6_B,single_chain_pdbs/knotted_5bu6_B.pdb,B,knotted
knotted_5c50_B,single_chain_pdbs/knotted_5c50_B.pdb,B,knotted
knotted_5c77_A,single_chain_pdbs/knotted_5c77_A.pdb,A,knotted
knotted_5ce1_A,single_chain_pdbs/knotted_5ce1_A.pdb,A,knotted
knotted_5cjl_A,single_chain_pdbs/knotted_5cjl_A.pdb,A,knotted
knotted_5da0_A,single_chain_pdbs/knotted_5da0_A.pdb,A,knotted
knotted_5ew5_A,single_chain_pdbs/knotted_5ew5_A.pdb,A,knotted
knotted_5f1b_A,single_chain_pdbs/knotted_5f1b_A.pdb,A,knotted
knotted_5fql_A,single_chain_pdbs/knotted_5fql_A.pdb,A,knotted
knotted_5g2v_A,single_chain_pdbs/knotted_5g2v_A.pdb,A,knotted
knotted_5gao_E,single_chain_pdbs/knotted_5gao_E.pdb,E,knotted
knotted_5gsl_A,single_chain_pdbs/knotted_5gsl_A.pdb,A,knotted
knotted_5gu6_A,single_chain_pdbs/knotted_5gu6_A.pdb,A,knotted
knotted_5h7i_C,single_chain_pdbs/knotted_5h7i_C.pdb,C,knotted
knotted_5hj3_C,single_chain_pdbs/knotted_5hj3_C.pdb,C,knotted
knotted_5if3_A,single_chain_pdbs/knotted_5if3_A.pdb,A,knotted
knotted_5ikj_A,single_chain_pdbs/knotted_5ikj_A.pdb,A,knotted
knotted_5jpq_R,single_chain_pdbs/knotted_5jpq_R.pdb,R,knotted
knotted_5kem_A,single_chain_pdbs/knotted_5kem_A.pdb,A,knotted
knotted_5l25_A,single_chain_pdbs/knotted_5l25_A.pdb,A,knotted
knotted_5l9u_A,single_chain_pdbs/knotted_5l9u_A.pdb,A,knotted
knotted_5li4_A,single_chain_pdbs/knotted_5li4_A.pdb,A,knotted
knotted_5m87_A,single_chain_pdbs/knotted_5m87_A.pdb,A,knotted
knotted_5mqn_A,single_chain_pdbs/knotted_5mqn_A.pdb,A,knotted
knotted_5nj9_A,single_chain_pdbs/knotted_5nj9_A.pdb,A,knotted
knotted_5nw4_a,single_chain_pdbs/knotted_5nw4_a.pdb,a,knotted
knotted_5u8r_A,single_chain_pdbs/knotted_5u8r_A.pdb,A,knotted
knotted_5ugq_A,single_chain_pdbs/knotted_5ugq_A.pdb,A,knotted
knotted_5uxz_A,single_chain_pdbs/knotted_5uxz_A.pdb,A,knotted
knotted_5vhi_E,single_chain_pdbs/knotted_5vhi_E.pdb,E,knotted
knotted_5x2n_B,single_chain_pdbs/knotted_5x2n_B.pdb,B,knotted
knotted_5xnu_A,single_chain_pdbs/knotted_5xnu_A.pdb,A,knotted
knotted_5xq1_A,single_chain_pdbs/knotted_5xq1_A.pdb,A,knotted
knotted_5z79_A,single_chain_pdbs/knotted_5z79_A.pdb,A,knotted
knotted_5znm_A,single_chain_pdbs/knotted_5znm_A.pdb,A,knotted
knotted_5zya_D,single_chain_pdbs/knotted_5zya_D.pdb,D,knotted
knotted_6a9s_A,single_chain_pdbs/knotted_6a9s_A.pdb,A,knotted
knotted_6ac6_A,single_chain_pdbs/knotted_6ac6_A.pdb,A,knotted
knotted_6acg_A,single_chain_pdbs/knotted_6acg_A.pdb,A,knotted
knotted_6d05_A,single_chain_pdbs/knotted_6d05_A.pdb,A,knotted
knotted_6dzy_A,single_chain_pdbs/knotted_6dzy_A.pdb,A,knotted
knotted_6emv_A,single_chain_pdbs/knotted_6emv_A.pdb,A,knotted
knotted_6f1t_M,single_chain_pdbs/knotted_6f1t_M.pdb,M,knotted
knotted_6f1y_0,single_chain_pdbs/knotted_6f1y_0.pdb,0,knotted
knotted_6f2w_A,single_chain_pdbs/knotted_6f2w_A.pdb,A,knotted
knotted_6f38_M,single_chain_pdbs/knotted_6f38_M.pdb,M,knotted
knotted_6f3a_M,single_chain_pdbs/knotted_6f3a_M.pdb,M,knotted
knotted_6f3a_Y,single_chain_pdbs/knotted_6f3a_Y.pdb,Y,knotted
knotted_6fny_A,single_chain_pdbs/knotted_6fny_A.pdb,A,knotted
knotted_6fwu_A,single_chain_pdbs/knotted_6fwu_A.pdb,A,knotted
knotted_6g7e_B,single_chain_pdbs/knotted_6g7e_B.pdb,B,knotted
knotted_6hc7_A,single_chain_pdbs/knotted_6hc7_A.pdb,A,knotted
knotted_6hhm_A,single_chain_pdbs/knotted_6hhm_A.pdb,A,knotted
knotted_6hix_BG,single_chain_pdbs/knotted_6hix_BG.pdb,BG,knotted
knotted_6j66_A,single_chain_pdbs/knotted_6j66_A.pdb,A,knotted
knotted_6ki1_A,single_chain_pdbs/knotted_6ki1_A.pdb,A,knotted
knotted_6kku_A,single_chain_pdbs/knotted_6kku_A.pdb,A,knotted
knotted_6mlk_A,single_chain_pdbs/knotted_6mlk_A.pdb,A,knotted
knotted_6nbq_F,single_chain_pdbs/knotted_6nbq_F.pdb,F,knotted
knotted_6npk_A,single_chain_pdbs/knotted_6npk_A.pdb,A,knotted
knotted_6npl_A,single_chain_pdbs/knotted_6npl_A.pdb,A,knotted
knotted_6o7a_A,single_chain_pdbs/knotted_6o7a_A.pdb,A,knotted
knotted_6qn0_A,single_chain_pdbs/knotted_6qn0_A.pdb,A,knotted
knotted_6qqm_A,single_chain_pdbs/knotted_6qqm_A.pdb,A,knotted
knotted_6qqw_A,single_chain_pdbs/knotted_6qqw_A.pdb,A,knotted
knotted_6qqz_A,single_chain_pdbs/knotted_6qqz_A.pdb,A,knotted
knotted_6qx9_BP,single_chain_pdbs/knotted_6qx9_BP.pdb,BP,knotted
knotted_6rao_I,single_chain_pdbs/knotted_6rao_I.pdb,I,knotted
knotted_6rvx_A,single_chain_pdbs/knotted_6rvx_A.pdb,A,knotted
knotted_6s4q_A,single_chain_pdbs/knotted_6s4q_A.pdb,A,knotted
knotted_6scf_A,single_chain_pdbs/knotted_6scf_A.pdb,A,knotted
knotted_6sg9_DH,single_chain_pdbs/knotted_6sg9_DH.pdb,DH,knotted
knotted_6sga_UY,single_chain_pdbs/knotted_6sga_UY.pdb,UY,knotted
knotted_6sgb_UY,single_chain_pdbs/knotted_6sgb_UY.pdb,UY,knotted
knotted_6sj9_A,single_chain_pdbs/knotted_6sj9_A.pdb,A,knotted
knotted_6uev_A,single_chain_pdbs/knotted_6uev_A.pdb,A,knotted
knotted_6zr9_A,single_chain_pdbs/knotted_6zr9_A.pdb,A,knotted
knotted_7cww_A,single_chain_pdbs/knotted_7cww_A.pdb,A,knotted
knotted_7nh8_AAA,single_chain_pdbs/knotted_7nh8_AAA.pdb,AAA,knotted
knotted_7plf_AAA,single_chain_pdbs/knotted_7plf_AAA.pdb,AAA,knotted
knotted_7pri_AAA,single_chain_pdbs/knotted_7pri_AAA.pdb,AAA,knotted
knotted_7qi6_5,single_chain_pdbs/knotted_7qi6_5.pdb,5,knotted
knotted_8axz_A,single_chain_pdbs/knotted_8axz_A.pdb,A,knotted
fs_1cee_B,single_chain_pdbs/fs_1cee_B.pdb,B,fold_switching_conf1
fs_2h44_A,single_chain_pdbs/fs_2h44_A.pdb,A,fold_switching_conf2
fs_1ebo_E,single_chain_pdbs/fs_1ebo_E.pdb,E,fold_switching_conf1
fs_4wsg_C,single_chain_pdbs/fs_4wsg_C.pdb,C,fold_switching_conf2
fs_1g2c_F,single_chain_pdbs/fs_1g2c_F.pdb,F,fold_switching_conf1
fs_5c6b_F,single_chain_pdbs/fs_5c6b_F.pdb,F,fold_switching_conf2
fs_1h38_D,single_chain_pdbs/fs_1h38_D.pdb,D,fold_switching_conf1
fs_5et5_A,single_chain_pdbs/fs_5et5_A.pdb,A,fold_switching_conf2
fs_1htm_B,single_chain_pdbs/fs_1htm_B.pdb,B,fold_switching_conf1
fs_5hmg_B,single_chain_pdbs/fs_5hmg_B.pdb,B,fold_switching_conf2
fs_1iyt_A,single_chain_pdbs/fs_1iyt_A.pdb,A,fold_switching_conf1
fs_2nao_F,single_chain_pdbs/fs_2nao_F.pdb,F,fold_switching_conf2
fs_1jfk_A,single_chain_pdbs/fs_1jfk_A.pdb,A,fold_switching_conf1
fs_5i35_D,single_chain_pdbs/fs_5i35_D.pdb,D,fold_switching_conf2
fs_1mby_A,single_chain_pdbs/fs_1mby_A.pdb,A,fold_switching_conf1
fs_3mko_A,single_chain_pdbs/fs_3mko_A.pdb,A,fold_switching_conf2
fs_1mnm_C,single_chain_pdbs/fs_1mnm_C.pdb,C,fold_switching_conf1
fs_1x0g_D,single_chain_pdbs/fs_1x0g_D.pdb,D,fold_switching_conf2
fs_1nqj_B,single_chain_pdbs/fs_1nqj_B.pdb,B,fold_switching_conf1
fs_5flu_E,single_chain_pdbs/fs_5flu_E.pdb,E,fold_switching_conf2
fs_1qb3_A,single_chain_pdbs/fs_1qb3_A.pdb,A,fold_switching_conf1
fs_2oug_C,single_chain_pdbs/fs_2oug_C.pdb,C,fold_switching_conf2
fs_1qom_B,single_chain_pdbs/fs_1qom_B.pdb,B,fold_switching_conf1
fs_2icl_A,single_chain_pdbs/fs_2icl_A.pdb,A,fold_switching_conf2
fs_1rk4_B,single_chain_pdbs/fs_1rk4_B.pdb,B,fold_switching_conf1
fs_2axz_A,single_chain_pdbs/fs_2axz_A.pdb,A,fold_switching_conf2
fs_1uxm_K,single_chain_pdbs/fs_1uxm_K.pdb,K,fold_switching_conf1
fs_2nam_A,single_chain_pdbs/fs_2nam_A.pdb,A,fold_switching_conf2
fs_1wyy_B,single_chain_pdbs/fs_1wyy_B.pdb,B,fold_switching_conf1
fs_5wrg_A,single_chain_pdbs/fs_5wrg_A.pdb,A,fold_switching_conf2
fs_1xju_B,single_chain_pdbs/fs_1xju_B.pdb,B,fold_switching_conf1
fs_4twa_A,single_chain_pdbs/fs_4twa_A.pdb,A,fold_switching_conf2
fs_1xnt_A,single_chain_pdbs/fs_1xnt_A.pdb,A,fold_switching_conf1
fs_3m7p_A,single_chain_pdbs/fs_3m7p_A.pdb,A,fold_switching_conf2
fs_2c1u_C,single_chain_pdbs/fs_2c1u_C.pdb,C,fold_switching_conf1
fs_1nrj_B,single_chain_pdbs/fs_1nrj_B.pdb,B,fold_switching_conf2
fs_2frh_A,single_chain_pdbs/fs_2frh_A.pdb,A,fold_switching_conf1
fs_1fzp_D,single_chain_pdbs/fs_1fzp_D.pdb,D,fold_switching_conf2
fs_2ged_B,single_chain_pdbs/fs_2ged_B.pdb,B,fold_switching_conf1
fs_4ydq_B,single_chain_pdbs/fs_4ydq_B.pdb,B,fold_switching_conf2
fs_2hdm_A,single_chain_pdbs/fs_2hdm_A.pdb,A,fold_switching_conf1
fs_4dxr_A,single_chain_pdbs/fs_4dxr_A.pdb,A,fold_switching_conf2
fs_2k0q_A,single_chain_pdbs/fs_2k0q_A.pdb,A,fold_switching_conf1
fs_3i5n_B,single_chain_pdbs/fs_3i5n_B.pdb,B,fold_switching_conf2
fs_2kb8_A,single_chain_pdbs/fs_2kb8_A.pdb,A,fold_switching_conf1
fs_5k5g_A,single_chain_pdbs/fs_5k5g_A.pdb,A,fold_switching_conf2
fs_2kkw_A,single_chain_pdbs/fs_2kkw_A.pdb,A,fold_switching_conf1
fs_4m4r_A,single_chain_pdbs/fs_4m4r_A.pdb,A,fold_switching_conf2
fs_2lej_A,single_chain_pdbs/fs_2lej_A.pdb,A,fold_switching_conf1
fs_2lv1_A,single_chain_pdbs/fs_2lv1_A.pdb,A,fold_switching_conf2
fs_2lqw_A,single_chain_pdbs/fs_2lqw_A.pdb,A,fold_switching_conf1
fs_3low_A,single_chain_pdbs/fs_3low_A.pdb,A,fold_switching_conf2
fs_2mwf_A,single_chain_pdbs/fs_2mwf_A.pdb,A,fold_switching_conf1
fs_3k2s_A,single_chain_pdbs/fs_3k2s_A.pdb,A,fold_switching_conf2
fs_2p3v_A,single_chain_pdbs/fs_2p3v_A.pdb,A,fold_switching_conf1
fs_3vpa_D,single_chain_pdbs/fs_3vpa_D.pdb,D,fold_switching_conf2
fs_2qke_E,single_chain_pdbs/fs_2qke_E.pdb,E,fold_switching_conf1
fs_5jyt_A,single_chain_pdbs/fs_5jyt_A.pdb,A,fold_switching_conf2
fs_3g0h_A,single_chain_pdbs/fs_3g0h_A.pdb,A,fold_switching_conf1
fs_3tp2_A,single_chain_pdbs/fs_3tp2_A.pdb,A,fold_switching_conf2
fs_3gmh_L,single_chain_pdbs/fs_3gmh_L.pdb,L,fold_switching_conf1
fs_2vfx_L,single_chain_pdbs/fs_2vfx_L.pdb,L,fold_switching_conf2
fs_3hdf_A,single_chain_pdbs/fs_3hdf_A.pdb,A,fold_switching_conf1
fs_3ejh_A,single_chain_pdbs/fs_3ejh_A.pdb,A,fold_switching_conf2
fs_3ifa_A,single_chain_pdbs/fs_3ifa_A.pdb,A,fold_switching_conf1
fs_1mnm_D,single_chain_pdbs/fs_1mnm_D.pdb,D,fold_switching_conf2
fs_3j7w_B,single_chain_pdbs/fs_3j7w_B.pdb,B,fold_switching_conf1
fs_2bzy_B,single_chain_pdbs/fs_2bzy_B.pdb,B,fold_switching_conf2
fs_3j97_M,single_chain_pdbs/fs_3j97_M.pdb,M,fold_switching_conf1
fs_1xtg_B,single_chain_pdbs/fs_1xtg_B.pdb,B,fold_switching_conf2
fs_3j9c_A,single_chain_pdbs/fs_3j9c_A.pdb,A,fold_switching_conf1
fs_1kct_A,single_chain_pdbs/fs_1kct_A.pdb,A,fold_switching_conf2
fs_3jv6_A,single_chain_pdbs/fs_3jv6_A.pdb,A,fold_switching_conf1
fs_1zk9_A,single_chain_pdbs/fs_1zk9_A.pdb,A,fold_switching_conf2
fs_3kds_G,single_chain_pdbs/fs_3kds_G.pdb,G,fold_switching_conf1
fs_5f5r_B,single_chain_pdbs/fs_5f5r_B.pdb,B,fold_switching_conf2
fs_3kuy_A,single_chain_pdbs/fs_3kuy_A.pdb,A,fold_switching_conf1
fs_2z9o_B,single_chain_pdbs/fs_2z9o_B.pdb,B,fold_switching_conf2
fs_3m1b_F,single_chain_pdbs/fs_3m1b_F.pdb,F,fold_switching_conf1
fs_3j7v_G,single_chain_pdbs/fs_3j7v_G.pdb,G,fold_switching_conf2
fs_3mee_A,single_chain_pdbs/fs_3mee_A.pdb,A,fold_switching_conf1
fs_1k0n_A,single_chain_pdbs/fs_1k0n_A.pdb,A,fold_switching_conf2
fs_3o44_A,single_chain_pdbs/fs_3o44_A.pdb,A,fold_switching_conf1
fs_2k42_A,single_chain_pdbs/fs_2k42_A.pdb,A,fold_switching_conf2
fs_3uyi_A,single_chain_pdbs/fs_3uyi_A.pdb,A,fold_switching_conf1
fs_3zxg_B,single_chain_pdbs/fs_3zxg_B.pdb,B,fold_switching_conf1
fs_5ec5_P,single_chain_pdbs/fs_5ec5_P.pdb,P,fold_switching_conf2
fs_4aan_A,single_chain_pdbs/fs_4aan_A.pdb,A,fold_switching_conf1
fs_4zrb_H,single_chain_pdbs/fs_4zrb_H.pdb,H,fold_switching_conf2
fs_4ae0_A,single_chain_pdbs/fs_4ae0_A.pdb,A,fold_switching_conf1
fs_4aal_A,single_chain_pdbs/fs_4aal_A.pdb,A,fold_switching_conf2
fs_4cmq_B,single_chain_pdbs/fs_4cmq_B.pdb,B,fold_switching_conf1
fs_5c1v_A,single_chain_pdbs/fs_5c1v_A.pdb,A,fold_switching_conf2
fs_4dxt_A,single_chain_pdbs/fs_4dxt_A.pdb,A,fold_switching_conf1
fs_4gqc_B,single_chain_pdbs/fs_4gqc_B.pdb,B,fold_switching_conf2
fs_4fu4_C,single_chain_pdbs/fs_4fu4_C.pdb,C,fold_switching_conf1
fs_5hk5_H,single_chain_pdbs/fs_5hk5_H.pdb,H,fold_switching_conf2
fs_4hdd_A,single_chain_pdbs/fs_4hdd_A.pdb,A,fold_switching_conf1
fs_2lep_A,single_chain_pdbs/fs_2lep_A.pdb,A,fold_switching_conf2
fs_4j3o_F,single_chain_pdbs/fs_4j3o_F.pdb,F,fold_switching_conf1
fs_2jmr_A,single_chain_pdbs/fs_2jmr_A.pdb,A,fold_switching_conf2
fs_4nc9_C,single_chain_pdbs/fs_4nc9_C.pdb,C,fold_switching_conf1
fs_4n9w_A,single_chain_pdbs/fs_4n9w_A.pdb,A,fold_switching_conf2
fs_4o01_D,single_chain_pdbs/fs_4o01_D.pdb,D,fold_switching_conf1
fs_4rwn_A,single_chain_pdbs/fs_4rwn_A.pdb,A,fold_switching_conf2
fs_4phq_A,single_chain_pdbs/fs_4phq_A.pdb,A,fold_switching_conf1
fs_4rmb_B,single_chain_pdbs/fs_4rmb_B.pdb,B,fold_switching_conf2
fs_4pyi_A,single_chain_pdbs/fs_4pyi_A.pdb,A,fold_switching_conf1
fs_5jzt_G,single_chain_pdbs/fs_5jzt_G.pdb,G,fold_switching_conf2
fs_4qhh_A,single_chain_pdbs/fs_4qhh_A.pdb,A,fold_switching_conf1
fs_1x0g_A,single_chain_pdbs/fs_1x0g_A.pdb,A,fold_switching_conf2
fs_4rmb_A,single_chain_pdbs/fs_4rmb_A.pdb,A,fold_switching_conf1
fs_5lj3_M,single_chain_pdbs/fs_5lj3_M.pdb,M,fold_switching_conf2
fs_4rr2_D,single_chain_pdbs/fs_4rr2_D.pdb,D,fold_switching_conf1
fs_1noc_A,single_chain_pdbs/fs_1noc_A.pdb,A,fold_switching_conf2
fs_4tsy_D,single_chain_pdbs/fs_4tsy_D.pdb,D,fold_switching_conf1
fs_3ews_B,single_chain_pdbs/fs_3ews_B.pdb,B,fold_switching_conf2
fs_4uv2_D,single_chain_pdbs/fs_4uv2_D.pdb,D,fold_switching_conf1
fs_4q79_F,single_chain_pdbs/fs_4q79_F.pdb,F,fold_switching_conf2
fs_4xws_D,single_chain_pdbs/fs_4xws_D.pdb,D,fold_switching_conf1
fs_4qhf_A,single_chain_pdbs/fs_4qhf_A.pdb,A,fold_switching_conf2
fs_5bmy_A,single_chain_pdbs/fs_5bmy_A.pdb,A,fold_switching_conf1
fs_4b3o_B,single_chain_pdbs/fs_4b3o_B.pdb,B,fold_switching_conf2
fs_5ejb_C,single_chain_pdbs/fs_5ejb_C.pdb,C,fold_switching_conf1
fs_1wp8_C,single_chain_pdbs/fs_1wp8_C.pdb,C,fold_switching_conf2
fs_5f3k_A,single_chain_pdbs/fs_5f3k_A.pdb,A,fold_switching_conf1
fs_5i2s_A,single_chain_pdbs/fs_5i2s_A.pdb,A,fold_switching_conf2
fs_5jzh_A,single_chain_pdbs/fs_5jzh_A.pdb,A,fold_switching_conf1
fs_2qqj_A,single_chain_pdbs/fs_2qqj_A.pdb,A,fold_switching_conf2
fs_5ly6_B,single_chain_pdbs/fs_5ly6_B.pdb,B,fold_switching_conf1
fs_5aoe_B,single_chain_pdbs/fs_5aoe_B.pdb,B,fold_switching_conf2
fs_7ahl_E,single_chain_pdbs/fs_7ahl_E.pdb,E,fold_switching_conf1
fs_4yhd_G,single_chain_pdbs/fs_4yhd_G.pdb,G,fold_switching_conf2
